decision_id,timestamp,bot_version,symbol,strategy,strategy_version,interval,action,reason,latest_close,entry_price,buying_power,in_position,position_side,position_qty,qty,market_is_open,force_test_trade,force_direction
e1bd0961c25e4ddc895a0abe5a764511,2026-04-14T07:42:53Z,0.3.0,AAPL,sma_crossover,v1,1m,HOLD,market_closed,259.22,,199151.83,False,flat,0,0,False,False,SELL
db14dc1cffb747fb888d44f19c58a64c,2026-04-14T07:43:40Z,0.3.0,AAPL,sma_crossover,v1,1m,HOLD,market_closed,259.22,,199151.83,False,flat,0,0,False,False,SELL
399ac31d3bcf4bd7a09c221e04e1a72d,2026-04-14T07:43:42Z,0.3.0,ALB,macd_pullback,v2,5m,HOLD,market_closed,185.39,178.36,199151.83,True,long,5,0,False,False,SELL
a6a4051aa9e840c4958c939e54bb81fe,2026-04-14T07:43:43Z,0.3.0,MSFT,macd_pullback,v2,5m,HOLD,market_closed,384.33,,199151.83,False,flat,0,0,False,False,SELL
7566fc350b0443848c25920edead9085,2026-04-14T07:43:44Z,0.3.0,NVDA,macd_pullback,v2,5m,HOLD,market_closed,189.49,,199151.83,False,flat,0,0,False,False,SELL
e0ffa5719d3a49afa7f8a014f7ab7de3,2026-04-14T15:58:20Z,0.3.0,MSFT,macd_pullback,v2,5m,HOLD,no_trade,393.54,,200000.0,False,flat,0,0,True,False,SELL
f537d153f4854f8a8575a8f03cf3f171,2026-04-14T15:58:25Z,0.3.0,NVDA,macd_pullback,v2,5m,HOLD,no_trade,194.165,,200000.0,False,flat,0,0,True,False,SELL
a6c30f5b2bd84c58b1667460b0702cb8,2026-04-14T15:59:32Z,0.3.0,MSFT,macd_pullback,v2,5m,HOLD,no_trade,393.41,,200000.0,False,flat,0,0,True,False,SELL
3a807b7faa21467eb83c4b7b71765e26,2026-04-14T15:59:37Z,0.3.0,NVDA,macd_pullback,v2,5m,HOLD,no_trade,194.115,,200000.0,False,flat,0,0,True,False,SELL
1c577aee017a4ef4a49f64479d631583,2026-04-14T16:00:43Z,0.3.0,MSFT,macd_pullback,v2,5m,HOLD,no_trade,393.56,,200000.0,False,flat,0,0,True,False,SELL
6fe2f42cf38c4b3e991ea5f81e50e114,2026-04-14T16:00:50Z,0.3.0,NVDA,macd_pullback,v2,5m,HOLD,no_trade,194.02,,200000.0,False,flat,0,0,True,False,SELL
a3f04e609aa54fab87d6b797bde84264,2026-04-14T16:01:59Z,0.3.0,MSFT,macd_pullback,v2,5m,HOLD,no_trade,393.66,,200000.0,False,flat,0,0,True,False,SELL
6aecc0e1926e490fbad01b91eaf2da87,2026-04-14T16:02:09Z,0.3.0,NVDA,macd_pullback,v2,5m,HOLD,no_trade,194.08,,200000.0,False,flat,0,0,True,False,SELL
faaea22046ac49819cc1610e90e8b6d7,2026-04-14T16:03:18Z,0.3.0,MSFT,macd_pullback,v2,5m,HOLD,no_trade,393.72,,200000.0,False,flat,0,0,True,False,SELL
1c5fb356a224486984cd83cf3cafbdb7,2026-04-14T16:03:25Z,0.3.0,NVDA,macd_pullback,v2,5m,HOLD,no_trade,194.21,,200000.0,False,flat,0,0,True,False,SELL
5e01552f72884558a0b2fecc64bc27e6,2026-04-14T16:04:30Z,0.3.0,MSFT,macd_pullback,v2,5m,HOLD,no_trade,393.78,,200000.0,False,flat,0,0,True,False,SELL
141e9129e02f4b53ba79051fef2fcab3,2026-04-14T16:04:37Z,0.3.0,NVDA,macd_pullback,v2,5m,HOLD,no_trade,194.23,,200000.0,False,flat,0,0,True,False,SELL
50e11666ca5b43db9e2a87b5efc7cb4f,2026-04-14T16:05:43Z,0.3.0,MSFT,macd_pullback,v2,5m,HOLD,no_trade,393.87,,200000.0,False,flat,0,0,True,False,SELL
5de7abb2ca3443c3b57ef54fb272ea40,2026-04-14T16:05:50Z,0.3.0,NVDA,macd_pullback,v2,5m,HOLD,no_trade,194.2,,200000.0,False,flat,0,0,True,False,SELL
8b79c599b9714696b0db596abe271e1b,2026-04-14T16:06:54Z,0.3.0,MSFT,macd_pullback,v2,5m,HOLD,no_trade,393.63,,200000.0,False,flat,0,0,True,False,SELL
a65131eb40a241d4b4a0f353ff638d77,2026-04-14T16:06:59Z,0.3.0,NVDA,macd_pullback,v2,5m,HOLD,no_trade,194.235,,200000.0,False,flat,0,0,True,False,SELL
e003cceb729d468891700fd8eb3edaac,2026-04-14T16:09:00Z,0.3.0,AAPL,macd_pullback,v2,5m,HOLD,no_trade,257.48,,200000.0,False,flat,0,0,True,False,SELL
434b1c2c2e8e425dad6ef230cff96220,2026-04-14T16:09:01Z,0.3.0,AMD,macd_pullback,v2,5m,HOLD,no_trade,252.38,,200000.0,False,flat,0,0,True,False,SELL
8c82e19990034ed4af0c60f1caf70546,2026-04-14T16:09:02Z,0.3.0,AMZN,macd_pullback,v2,5m,HOLD,no_trade,248.38,,200000.0,False,flat,0,0,True,False,SELL
7d4dc04ce24041a7bc92eedae6a79bde,2026-04-14T16:09:03Z,0.3.0,META,macd_pullback,v2,5m,HOLD,no_trade,663.66,,200000.0,False,flat,0,0,True,False,SELL
8c01b705b6c743c8b9a3af47c3caeb73,2026-04-14T16:09:05Z,0.3.0,MSFT,macd_pullback,v2,5m,HOLD,no_trade,393.64,,200000.0,False,flat,0,0,True,False,SELL
8007b9190a364d21972a759d138b8652,2026-04-14T16:09:06Z,0.3.0,NVDA,macd_pullback,v2,5m,HOLD,no_trade,194.505,,200000.0,False,flat,0,0,True,False,SELL
453c1df99f424c3e833a03cd1a80f9e1,2026-04-14T16:10:09Z,0.3.0,AAPL,macd_pullback,v2,5m,HOLD,no_trade,257.335,,200000.0,False,flat,0,0,True,False,SELL
2d4fe0418dee4ad0af9f01f6639da946,2026-04-14T16:10:10Z,0.3.0,AMD,macd_pullback,v2,5m,HOLD,no_trade,252.4,,200000.0,False,flat,0,0,True,False,SELL
c1d289e9636445ffb9ac3de103e8f797,2026-04-14T16:10:11Z,0.3.0,AMZN,macd_pullback,v2,5m,HOLD,no_trade,248.45,,200000.0,False,flat,0,0,True,False,SELL
3a6b34098cc64348b4db75910c25d5ce,2026-04-14T16:10:12Z,0.3.0,META,macd_pullback,v2,5m,HOLD,no_trade,663.61,,200000.0,False,flat,0,0,True,False,SELL
9a1cb524e71644bfbb7408aa7a54b0e9,2026-04-14T16:10:14Z,0.3.0,MSFT,macd_pullback,v2,5m,HOLD,no_trade,393.84,,200000.0,False,flat,0,0,True,False,SELL
bcfd68207d764c7a9c80cf93bad5d36f,2026-04-14T16:10:15Z,0.3.0,NVDA,macd_pullback,v2,5m,HOLD,no_trade,194.57,,200000.0,False,flat,0,0,True,False,SELL
c77abce5ee104df5925817a2b84f19e1,2026-04-14T16:11:16Z,0.3.0,AAPL,macd_pullback,v2,5m,HOLD,no_trade,257.39,,200000.0,False,flat,0,0,True,False,SELL
477dcf3b5fc44525a37d521b1f163f36,2026-04-14T16:11:18Z,0.3.0,AMD,macd_pullback,v2,5m,HOLD,no_trade,252.22,,200000.0,False,flat,0,0,True,False,SELL
58098c64b1fb4c41ab593ff434356725,2026-04-14T16:11:20Z,0.3.0,AMZN,macd_pullback,v2,5m,HOLD,no_trade,248.595,,200000.0,False,flat,0,0,True,False,SELL
30c07866dcfc481dab12e37dfdce2602,2026-04-14T16:11:21Z,0.3.0,META,macd_pullback,v2,5m,HOLD,no_trade,663.1,,200000.0,False,flat,0,0,True,False,SELL
1d90628ee2464fd48bdfb164f308a693,2026-04-14T16:11:23Z,0.3.0,MSFT,macd_pullback,v2,5m,HOLD,no_trade,393.73,,200000.0,False,flat,0,0,True,False,SELL
b57d654be41e4e44b8febdcf55e85caf,2026-04-14T16:11:24Z,0.3.0,NVDA,macd_pullback,v2,5m,HOLD,no_trade,194.525,,200000.0,False,flat,0,0,True,False,SELL
88e17c7c3f4946739e1ca76285ba8463,2026-04-14T16:12:25Z,0.3.0,AAPL,macd_pullback,v2,5m,HOLD,no_trade,257.38,,200000.0,False,flat,0,0,True,False,SELL
f668e1aa8f97432f94987e04e7e83c03,2026-04-14T16:12:26Z,0.3.0,AMD,macd_pullback,v2,5m,HOLD,no_trade,252.4,,200000.0,False,flat,0,0,True,False,SELL
c731505c9c2e49fabe6cb7c2b5a0eccb,2026-04-14T16:12:29Z,0.3.0,AMZN,macd_pullback,v2,5m,HOLD,no_trade,248.58,,200000.0,False,flat,0,0,True,False,SELL
0378b2f375cf4c65929b683ad4dd1edf,2026-04-14T16:12:30Z,0.3.0,META,macd_pullback,v2,5m,HOLD,no_trade,663.37,,200000.0,False,flat,0,0,True,False,SELL
0fbaa7f1d267400ab844cfa00db663a4,2026-04-14T16:12:32Z,0.3.0,MSFT,macd_pullback,v2,5m,HOLD,no_trade,393.6,,200000.0,False,flat,0,0,True,False,SELL
0722b31b133f433985a5ff521ff5657b,2026-04-14T16:12:33Z,0.3.0,NVDA,macd_pullback,v2,5m,HOLD,no_trade,194.515,,200000.0,False,flat,0,0,True,False,SELL
722039d372ee400ba198d2f224ab0e9e,2026-04-14T16:13:34Z,0.3.0,AAPL,macd_pullback,v2,5m,HOLD,no_trade,257.48,,200000.0,False,flat,0,0,True,False,SELL
e705850d24a94a44889cf369b66f9ee5,2026-04-14T16:13:36Z,0.3.0,AMD,macd_pullback,v2,5m,HOLD,no_trade,252.4,,200000.0,False,flat,0,0,True,False,SELL
c05f20dc0c6c4eef874128a2ca7296ff,2026-04-14T16:13:37Z,0.3.0,AMZN,macd_pullback,v2,5m,HOLD,no_trade,248.645,,200000.0,False,flat,0,0,True,False,SELL
30340f9c0d994cb48e1d296492d20d95,2026-04-14T16:13:38Z,0.3.0,META,macd_pullback,v2,5m,HOLD,no_trade,663.45,,200000.0,False,flat,0,0,True,False,SELL
bc347bcee0ba4e8f9877622b2711a358,2026-04-14T16:13:40Z,0.3.0,MSFT,macd_pullback,v2,5m,HOLD,no_trade,393.62,,200000.0,False,flat,0,0,True,False,SELL
13177419330e4a70acb60eb24c922e45,2026-04-14T16:13:41Z,0.3.0,NVDA,macd_pullback,v2,5m,HOLD,no_trade,194.505,,200000.0,False,flat,0,0,True,False,SELL
43d635d43f44446d8de44d40c7fe0c88,2026-04-14T16:14:42Z,0.3.0,AAPL,macd_pullback,v2,5m,HOLD,no_trade,257.44,,200000.0,False,flat,0,0,True,False,SELL
18a330a528404599bf09c5ed3f8e42c3,2026-04-14T16:14:44Z,0.3.0,AMD,macd_pullback,v2,5m,HOLD,no_trade,252.38,,200000.0,False,flat,0,0,True,False,SELL
2b54765d35e24abda037ee4a5fe8a016,2026-04-14T16:14:45Z,0.3.0,AMZN,macd_pullback,v2,5m,HOLD,no_trade,248.67,,200000.0,False,flat,0,0,True,False,SELL
8050c06e937f48e7b0eb22a99a17b746,2026-04-14T16:14:47Z,0.3.0,META,macd_pullback,v2,5m,HOLD,no_trade,663.19,,200000.0,False,flat,0,0,True,False,SELL
b3ccb06be5214b6e88c7f1ccfbf3de3b,2026-04-14T16:14:48Z,0.3.0,MSFT,macd_pullback,v2,5m,HOLD,no_trade,393.72,,200000.0,False,flat,0,0,True,False,SELL
86a5ec7cb31147cba8bd37f71ecca52d,2026-04-14T16:14:49Z,0.3.0,NVDA,macd_pullback,v2,5m,HOLD,no_trade,194.515,,200000.0,False,flat,0,0,True,False,SELL
ea9aacbc9f5f47f6926e9c67a376e83e,2026-04-14T16:15:50Z,0.3.0,AAPL,macd_pullback,v2,5m,HOLD,no_trade,257.365,,200000.0,False,flat,0,0,True,False,SELL
9290f95904254e57b4e1123d4f3410ac,2026-04-14T16:15:51Z,0.3.0,AMD,macd_pullback,v2,5m,HOLD,no_trade,252.515,,200000.0,False,flat,0,0,True,False,SELL
53ba3b575cf74dc5af7bd3557d652557,2026-04-14T16:15:53Z,0.3.0,AMZN,macd_pullback,v2,5m,HOLD,no_trade,248.775,,200000.0,False,flat,0,0,True,False,SELL
3dcfd772509e4981ad0213d93b584721,2026-04-14T16:15:54Z,0.3.0,META,macd_pullback,v2,5m,HOLD,no_trade,663.395,,200000.0,False,flat,0,0,True,False,SELL
e974937f61da41d8b44dda3c76b8759a,2026-04-14T16:15:56Z,0.3.0,MSFT,macd_pullback,v2,5m,HOLD,no_trade,393.72,,200000.0,False,flat,0,0,True,False,SELL
6dde5f7c78a6409c94fb55849c17ab7f,2026-04-14T16:15:57Z,0.3.0,NVDA,macd_pullback,v2,5m,HOLD,no_trade,194.53,,200000.0,False,flat,0,0,True,False,SELL
e6faaf40c99f47239e5625a1ae1353a8,2026-04-14T16:16:58Z,0.3.0,AAPL,macd_pullback,v2,5m,HOLD,no_trade,257.38,,200000.0,False,flat,0,0,True,False,SELL
5c4fb15455a74f98a42746cc32c4d11a,2026-04-14T16:16:59Z,0.3.0,AMD,macd_pullback,v2,5m,HOLD,no_trade,252.62,,200000.0,False,flat,0,0,True,False,SELL
7a9fa96636d44184b7f1275ab687c6d2,2026-04-14T16:17:00Z,0.3.0,AMZN,macd_pullback,v2,5m,HOLD,no_trade,248.76,,200000.0,False,flat,0,0,True,False,SELL
68553d72bab74a4093f240bd56f29e4b,2026-04-14T16:17:03Z,0.3.0,META,macd_pullback,v2,5m,HOLD,no_trade,662.35,,200000.0,False,flat,0,0,True,False,SELL
eaef8bffcd304a3c952b5cb2daf82966,2026-04-14T16:17:05Z,0.3.0,MSFT,macd_pullback,v2,5m,HOLD,no_trade,393.785,,200000.0,False,flat,0,0,True,False,SELL
302f0f7a2fdd4a82b6414089e55d7b18,2026-04-14T16:17:06Z,0.3.0,NVDA,macd_pullback,v2,5m,HOLD,no_trade,194.56,,200000.0,False,flat,0,0,True,False,SELL
8d901c526d19436693f02e1102f0333b,2026-04-14T16:18:07Z,0.3.0,AAPL,macd_pullback,v2,5m,HOLD,no_trade,257.27,,200000.0,False,flat,0,0,True,False,SELL
75526f3e0468485ea4c837a9157c9b06,2026-04-14T16:18:08Z,0.3.0,AMD,macd_pullback,v2,5m,HOLD,no_trade,252.84,,200000.0,False,flat,0,0,True,False,SELL
7fe90fd719844defac6437c67e154a97,2026-04-14T16:18:10Z,0.3.0,AMZN,macd_pullback,v2,5m,HOLD,no_trade,249.145,,200000.0,False,flat,0,0,True,False,SELL
c668ff8a2fb74de592917851363f4fdf,2026-04-14T16:18:11Z,0.3.0,META,macd_pullback,v2,5m,HOLD,no_trade,662.805,,200000.0,False,flat,0,0,True,False,SELL
7a1f577c4cdf4f72a9794797054c197c,2026-04-14T16:18:13Z,0.3.0,MSFT,macd_pullback,v2,5m,HOLD,no_trade,394.02,,200000.0,False,flat,0,0,True,False,SELL
f609be918e3a4d579ac9e0e17679df4a,2026-04-14T16:18:14Z,0.3.0,NVDA,macd_pullback,v2,5m,HOLD,no_trade,194.65,,200000.0,False,flat,0,0,True,False,SELL
0403e2d9c27f4925aa85078eafb61483,2026-04-14T16:19:15Z,0.3.0,AAPL,macd_pullback,v2,5m,HOLD,no_trade,257.27,,200000.0,False,flat,0,0,True,False,SELL
7f79861ed25d4c0f80a73fc2f0aecd7b,2026-04-14T16:19:17Z,0.3.0,AMD,macd_pullback,v2,5m,HOLD,no_trade,252.68,,200000.0,False,flat,0,0,True,False,SELL
c10d7aeb7e3445a6a5c06d405bea8ffe,2026-04-14T16:19:19Z,0.3.0,AMZN,macd_pullback,v2,5m,HOLD,no_trade,249.17,,200000.0,False,flat,0,0,True,False,SELL
0e00dce467ca4877a06aa557ceec6ad9,2026-04-14T16:19:20Z,0.3.0,META,macd_pullback,v2,5m,HOLD,no_trade,663.065,,200000.0,False,flat,0,0,True,False,SELL
47e0730e961f4088a952651ae170b373,2026-04-14T16:19:21Z,0.3.0,MSFT,macd_pullback,v2,5m,HOLD,no_trade,393.91,,200000.0,False,flat,0,0,True,False,SELL
8e7fc98603e4462eb613856a7f741449,2026-04-14T16:19:22Z,0.3.0,NVDA,macd_pullback,v2,5m,HOLD,no_trade,194.72,,200000.0,False,flat,0,0,True,False,SELL
bd850aa7b9694d25af0ceaacc1f1ab09,2026-04-14T16:20:23Z,0.3.0,AAPL,macd_pullback,v2,5m,HOLD,no_trade,257.34,,200000.0,False,flat,0,0,True,False,SELL
ec8f6038518747febf043664544b0662,2026-04-14T16:20:24Z,0.3.0,AMD,macd_pullback,v2,5m,HOLD,no_trade,252.76,,200000.0,False,flat,0,0,True,False,SELL
e01915837de54a62b25b2c6f24dce93b,2026-04-14T16:20:25Z,0.3.0,AMZN,macd_pullback,v2,5m,HOLD,no_trade,249.32,,200000.0,False,flat,0,0,True,False,SELL
222c5c7a72de49108bd6ac1c6b77c917,2026-04-14T16:20:27Z,0.3.0,META,macd_pullback,v2,5m,HOLD,no_trade,663.5,,200000.0,False,flat,0,0,True,False,SELL
e71eef3b37954b798bab75476a854a1d,2026-04-14T16:20:28Z,0.3.0,MSFT,macd_pullback,v2,5m,HOLD,no_trade,394.28,,200000.0,False,flat,0,0,True,False,SELL
045448c5c00147f3bd2e282c91ef6acd,2026-04-14T16:20:29Z,0.3.0,NVDA,macd_pullback,v2,5m,HOLD,no_trade,194.705,,200000.0,False,flat,0,0,True,False,SELL
b7204a48837b448ead4f50974e2fd1c3,2026-04-14T16:21:30Z,0.3.0,AAPL,macd_pullback,v2,5m,HOLD,no_trade,257.36,,200000.0,False,flat,0,0,True,False,SELL
183343bf76774920a45b985ad74c5755,2026-04-14T16:21:32Z,0.3.0,AMD,macd_pullback,v2,5m,HOLD,no_trade,252.87,,200000.0,False,flat,0,0,True,False,SELL
2c13b5990c6e4bd58c3f0d8368b3cde2,2026-04-14T16:21:33Z,0.3.0,AMZN,macd_pullback,v2,5m,HOLD,no_trade,249.43,,200000.0,False,flat,0,0,True,False,SELL
289163891a3442cdb345434548d06c9b,2026-04-14T16:21:35Z,0.3.0,META,macd_pullback,v2,5m,HOLD,no_trade,663.72,,200000.0,False,flat,0,0,True,False,SELL
c9fe52f11bd949aab229117ce1195ce3,2026-04-14T16:21:36Z,0.3.0,MSFT,macd_pullback,v2,5m,HOLD,no_trade,394.42,,200000.0,False,flat,0,0,True,False,SELL
7acad605fc6b4054b5fb41f47720e33c,2026-04-14T16:21:38Z,0.3.0,NVDA,macd_pullback,v2,5m,HOLD,no_trade,194.79,,200000.0,False,flat,0,0,True,False,SELL
929ab9d9daf54c58b8a2bf61150ff3a7,2026-04-14T16:22:39Z,0.3.0,AAPL,macd_pullback,v2,5m,HOLD,no_trade,257.34,,200000.0,False,flat,0,0,True,False,SELL
11c53e4ed6c54f309ac780e8b2c4d501,2026-04-14T16:22:41Z,0.3.0,AMD,macd_pullback,v2,5m,HOLD,no_trade,252.845,,200000.0,False,flat,0,0,True,False,SELL
36b81eec08854974b442f3b7099dd4b0,2026-04-14T16:22:42Z,0.3.0,AMZN,macd_pullback,v2,5m,HOLD,no_trade,249.36,,200000.0,False,flat,0,0,True,False,SELL
53d93276101746cf9041acd25ca0e9c9,2026-04-14T16:22:43Z,0.3.0,META,macd_pullback,v2,5m,HOLD,no_trade,663.83,,200000.0,False,flat,0,0,True,False,SELL
f29b7ba051b54a0c860bee07437c42e4,2026-04-14T16:22:45Z,0.3.0,MSFT,macd_pullback,v2,5m,HOLD,no_trade,394.28,,200000.0,False,flat,0,0,True,False,SELL
e77ec2f31088478d8fe037d59e7f5218,2026-04-14T16:22:46Z,0.3.0,NVDA,macd_pullback,v2,5m,HOLD,no_trade,194.77,,200000.0,False,flat,0,0,True,False,SELL
61b2e21ef4844312a469ac1b74f92b77,2026-04-14T16:23:47Z,0.3.0,AAPL,macd_pullback,v2,5m,HOLD,no_trade,257.285,,200000.0,False,flat,0,0,True,False,SELL
b11355eaa97e449487ca096c0b76c48b,2026-04-14T16:23:48Z,0.3.0,AMD,macd_pullback,v2,5m,HOLD,no_trade,252.84,,200000.0,False,flat,0,0,True,False,SELL
6e041918aa024789b2a6a6ac1dc0b783,2026-04-14T16:23:49Z,0.3.0,AMZN,macd_pullback,v2,5m,HOLD,no_trade,249.41,,200000.0,False,flat,0,0,True,False,SELL
da36096a7e214569b373d8595a714cc3,2026-04-14T16:23:50Z,0.3.0,META,macd_pullback,v2,5m,HOLD,no_trade,664.01,,200000.0,False,flat,0,0,True,False,SELL
bef243f6d2ef46f3b0c5f8e986a4215d,2026-04-14T16:23:51Z,0.3.0,MSFT,macd_pullback,v2,5m,HOLD,no_trade,394.15,,200000.0,False,flat,0,0,True,False,SELL
8a5d7f813a9c407db016ce984ad91c7c,2026-04-14T16:23:52Z,0.3.0,NVDA,macd_pullback,v2,5m,HOLD,no_trade,194.805,,200000.0,False,flat,0,0,True,False,SELL
6379ee3a862f4c5da7a1875cc4809969,2026-04-14T16:24:53Z,0.3.0,AAPL,macd_pullback,v2,5m,HOLD,no_trade,257.38,,200000.0,False,flat,0,0,True,False,SELL
af7a774416f64a67920ce6ac09f34189,2026-04-14T16:24:54Z,0.3.0,AMD,macd_pullback,v2,5m,HOLD,no_trade,252.72,,200000.0,False,flat,0,0,True,False,SELL
a2d4b512a660473da41ee84027ae4b0d,2026-04-14T16:24:56Z,0.3.0,AMZN,macd_pullback,v2,5m,HOLD,no_trade,249.34,,200000.0,False,flat,0,0,True,False,SELL
3c3b5e3a152848fdab0b06effb3fdf8e,2026-04-14T16:24:58Z,0.3.0,META,macd_pullback,v2,5m,HOLD,no_trade,664.63,,200000.0,False,flat,0,0,True,False,SELL
a6a33253dce4497991f09e1e97805212,2026-04-14T16:24:59Z,0.3.0,MSFT,macd_pullback,v2,5m,HOLD,no_trade,394.145,,200000.0,False,flat,0,0,True,False,SELL
163bdf860d864e8083de9f19e7565a62,2026-04-14T16:25:00Z,0.3.0,NVDA,macd_pullback,v2,5m,HOLD,no_trade,194.82,,200000.0,False,flat,0,0,True,False,SELL
e179b2087b4847b597164fb461eefecb,2026-04-14T16:26:01Z,0.3.0,AAPL,macd_pullback,v2,5m,HOLD,no_trade,257.36,,200000.0,False,flat,0,0,True,False,SELL
c51e863b8ad74721ac0ea7f6a4316655,2026-04-14T16:26:04Z,0.3.0,AMD,macd_pullback,v2,5m,HOLD,no_trade,252.76,,200000.0,False,flat,0,0,True,False,SELL
cee679551fb547a8bcedca7ad9ea10d6,2026-04-14T16:26:06Z,0.3.0,AMZN,macd_pullback,v2,5m,HOLD,no_trade,249.5,,200000.0,False,flat,0,0,True,False,SELL
99c3b634087d4590be40241b9592e643,2026-04-14T16:26:07Z,0.3.0,META,macd_pullback,v2,5m,HOLD,no_trade,665.06,,200000.0,False,flat,0,0,True,False,SELL
f03e1af36d094a29b644d2a5f345bc4b,2026-04-14T16:26:08Z,0.3.0,MSFT,macd_pullback,v2,5m,HOLD,no_trade,394.6,,200000.0,False,flat,0,0,True,False,SELL
d6696c352e9d4ce58e4086618d289118,2026-04-14T16:26:09Z,0.3.0,NVDA,macd_pullback,v2,5m,HOLD,no_trade,194.805,,200000.0,False,flat,0,0,True,False,SELL
6d2468d6930b422eb80cd4c03cf785e4,2026-04-14T16:27:12Z,0.3.0,AAPL,macd_pullback,v2,5m,HOLD,no_trade,257.54,,200000.0,False,flat,0,0,True,False,SELL
b95e51eff00e4989b91afd9f09e46fcc,2026-04-14T16:27:12Z,0.3.0,AMD,macd_pullback,v2,5m,HOLD,no_trade,252.82,,200000.0,False,flat,0,0,True,False,SELL
b8e8d78301de430597bfcc4d1c6c92fc,2026-04-14T16:27:13Z,0.3.0,AMZN,macd_pullback,v2,5m,HOLD,no_trade,249.625,,200000.0,False,flat,0,0,True,False,SELL
929c823314d0480dbf4a09d520fc34d2,2026-04-14T16:27:15Z,0.3.0,META,macd_pullback,v2,5m,HOLD,no_trade,665.1,,200000.0,False,flat,0,0,True,False,SELL
fa4e22ceef19479b82c17fd125ef6d82,2026-04-14T16:27:16Z,0.3.0,MSFT,macd_pullback,v2,5m,HOLD,no_trade,394.58,,200000.0,False,flat,0,0,True,False,SELL
d3897a0439834b1ea498ca830c964855,2026-04-14T16:27:18Z,0.3.0,NVDA,macd_pullback,v2,5m,HOLD,no_trade,194.835,,200000.0,False,flat,0,0,True,False,SELL
c8b0bb2378c5472cbc94246678490759,2026-04-14T16:28:19Z,0.3.0,AAPL,macd_pullback,v2,5m,HOLD,no_trade,257.53,,200000.0,False,flat,0,0,True,False,SELL
04c5e75d84544acabc7007ed909fb07b,2026-04-14T16:28:20Z,0.3.0,AMD,macd_pullback,v2,5m,HOLD,no_trade,252.96,,200000.0,False,flat,0,0,True,False,SELL
3bf6f60e57e54b2fa4cd3985126621ff,2026-04-14T16:28:21Z,0.3.0,AMZN,macd_pullback,v2,5m,HOLD,no_trade,249.61,,200000.0,False,flat,0,0,True,False,SELL
ab39ce3e3f0944e18550c77ca0140fa0,2026-04-14T16:28:22Z,0.3.0,META,macd_pullback,v2,5m,HOLD,no_trade,665.38,,200000.0,False,flat,0,0,True,False,SELL
18b917b292534195a6a31329049b1106,2026-04-14T16:28:23Z,0.3.0,MSFT,macd_pullback,v2,5m,HOLD,no_trade,394.37,,200000.0,False,flat,0,0,True,False,SELL
96596de0fe75497db5b6153d17877aa6,2026-04-14T16:28:24Z,0.3.0,NVDA,macd_pullback,v2,5m,HOLD,no_trade,194.9,,200000.0,False,flat,0,0,True,False,SELL
5c1c918acaf643e086d3a0b99daea49d,2026-04-14T16:29:26Z,0.3.0,AAPL,macd_pullback,v2,5m,HOLD,no_trade,257.655,,200000.0,False,flat,0,0,True,False,SELL
579615215e754784a95c471ee9afb598,2026-04-14T16:29:27Z,0.3.0,AMD,macd_pullback,v2,5m,HOLD,no_trade,252.845,,200000.0,False,flat,0,0,True,False,SELL
88fc8c375ff446aabce7202444bdd53b,2026-04-14T16:29:29Z,0.3.0,AMZN,macd_pullback,v2,5m,HOLD,no_trade,249.7,,200000.0,False,flat,0,0,True,False,SELL
cabd6ed37463416990dac3e4ea156f4a,2026-04-14T16:29:30Z,0.3.0,META,macd_pullback,v2,5m,HOLD,no_trade,665.49,,200000.0,False,flat,0,0,True,False,SELL
46fd4b01743f4d088824f7ff53da613d,2026-04-14T16:29:31Z,0.3.0,MSFT,macd_pullback,v2,5m,HOLD,no_trade,394.19,,200000.0,False,flat,0,0,True,False,SELL
c8b742549ef648e4be124d648750d710,2026-04-14T16:29:33Z,0.3.0,NVDA,macd_pullback,v2,5m,HOLD,no_trade,194.895,,200000.0,False,flat,0,0,True,False,SELL
99057f1a0e7d44fa9a044e0490f7cc52,2026-04-14T16:30:36Z,0.3.0,AAPL,macd_pullback,v2,5m,HOLD,no_trade,257.72,,200000.0,False,flat,0,0,True,False,SELL
b59bf5d43c5e4c15afecfe4721b87051,2026-04-14T16:30:37Z,0.3.0,AMD,macd_pullback,v2,5m,HOLD,no_trade,252.9,,200000.0,False,flat,0,0,True,False,SELL
9cf8d932a21547eb811da9ce2cd43552,2026-04-14T16:30:38Z,0.3.0,AMZN,macd_pullback,v2,5m,HOLD,no_trade,249.705,,200000.0,False,flat,0,0,True,False,SELL
68d48da96133463d9b66b57f2ee762bd,2026-04-14T16:30:39Z,0.3.0,META,macd_pullback,v2,5m,HOLD,no_trade,664.97,,200000.0,False,flat,0,0,True,False,SELL
1325148fb06546759ca6178f8b251897,2026-04-14T16:30:40Z,0.3.0,MSFT,macd_pullback,v2,5m,HOLD,no_trade,394.35,,200000.0,False,flat,0,0,True,False,SELL
cb0b548cb2494c648b31dc060d28733c,2026-04-14T16:30:41Z,0.3.0,NVDA,macd_pullback,v2,5m,HOLD,no_trade,194.795,,200000.0,False,flat,0,0,True,False,SELL
405a4efb24604bc49e0385ab45f3d86b,2026-04-14T16:31:43Z,0.3.0,AAPL,macd_pullback,v2,5m,HOLD,no_trade,257.74,,200000.0,False,flat,0,0,True,False,SELL
ebf7f9a704ad4675b30c5d00edf23500,2026-04-14T16:31:44Z,0.3.0,AMD,macd_pullback,v2,5m,HOLD,no_trade,252.95,,200000.0,False,flat,0,0,True,False,SELL
0bcfcd64940243c181dac8a4e64cf822,2026-04-14T16:31:46Z,0.3.0,AMZN,macd_pullback,v2,5m,HOLD,no_trade,249.7,,200000.0,False,flat,0,0,True,False,SELL
fb69cb373c574d309b6020e8472536f9,2026-04-14T16:31:47Z,0.3.0,META,macd_pullback,v2,5m,HOLD,no_trade,665.01,,200000.0,False,flat,0,0,True,False,SELL
2b26191b6fc1467f8cd0039129e5cfa0,2026-04-14T16:31:48Z,0.3.0,MSFT,macd_pullback,v2,5m,HOLD,no_trade,394.49,,200000.0,False,flat,0,0,True,False,SELL
3afadd0d659f44489c189f318bdda73b,2026-04-14T16:31:49Z,0.3.0,NVDA,macd_pullback,v2,5m,HOLD,no_trade,194.86,,200000.0,False,flat,0,0,True,False,SELL
9d384192d7354ead896099a175086c74,2026-04-14T16:32:51Z,0.3.0,AAPL,macd_pullback,v2,5m,HOLD,no_trade,257.83,,200000.0,False,flat,0,0,True,False,SELL
635fc1c840c24a08821d901b1577193f,2026-04-14T16:32:53Z,0.3.0,AMD,macd_pullback,v2,5m,HOLD,no_trade,252.93,,200000.0,False,flat,0,0,True,False,SELL
c5e0d0eb663f4c3181c0171b76aa2471,2026-04-14T16:32:54Z,0.3.0,AMZN,macd_pullback,v2,5m,HOLD,no_trade,249.62,,200000.0,False,flat,0,0,True,False,SELL
1ad99a907a754b94ab0c88ee112e1091,2026-04-14T16:32:55Z,0.3.0,META,macd_pullback,v2,5m,HOLD,no_trade,664.92,,200000.0,False,flat,0,0,True,False,SELL
7f128341b85549ccbd47a5cd4b6b026b,2026-04-14T16:32:56Z,0.3.0,MSFT,macd_pullback,v2,5m,HOLD,no_trade,394.35,,200000.0,False,flat,0,0,True,False,SELL
d53151c02a9446349dad44747d14c8a5,2026-04-14T16:32:57Z,0.3.0,NVDA,macd_pullback,v2,5m,HOLD,no_trade,194.74,,200000.0,False,flat,0,0,True,False,SELL
518efd49279a41d6b0778196cbd451ec,2026-04-14T16:33:58Z,0.3.0,AAPL,macd_pullback,v2,5m,HOLD,no_trade,257.75,,200000.0,False,flat,0,0,True,False,SELL
549dd20a73de4cefb236670ae8ec7a5f,2026-04-14T16:34:00Z,0.3.0,AMD,macd_pullback,v2,5m,HOLD,no_trade,252.755,,200000.0,False,flat,0,0,True,False,SELL
5cf9caf0b3f34423b839b9c1c932cea6,2026-04-14T16:34:01Z,0.3.0,AMZN,macd_pullback,v2,5m,HOLD,no_trade,249.66,,200000.0,False,flat,0,0,True,False,SELL
ca65be4ea68d4a3baccdb178447edcd8,2026-04-14T16:34:03Z,0.3.0,META,macd_pullback,v2,5m,HOLD,no_trade,664.44,,200000.0,False,flat,0,0,True,False,SELL
f46092e930a148e79eb75d8cea9df6d6,2026-04-14T16:34:04Z,0.3.0,MSFT,macd_pullback,v2,5m,HOLD,no_trade,394.33,,200000.0,False,flat,0,0,True,False,SELL
de4c28a09e8245b59490457682d1531e,2026-04-14T16:34:07Z,0.3.0,NVDA,macd_pullback,v2,5m,HOLD,no_trade,194.675,,200000.0,False,flat,0,0,True,False,SELL
689f67448f1b458f8692b721ede655ff,2026-04-14T16:35:08Z,0.3.0,AAPL,macd_pullback,v2,5m,HOLD,no_trade,257.865,,200000.0,False,flat,0,0,True,False,SELL
e02bc05c8e26499db97abd5c99d308e3,2026-04-14T16:35:09Z,0.3.0,AMD,macd_pullback,v2,5m,HOLD,no_trade,252.72,,200000.0,False,flat,0,0,True,False,SELL
5c92ff2a851a4bd588d08f258f0a0edc,2026-04-14T16:35:10Z,0.3.0,AMZN,macd_pullback,v2,5m,HOLD,no_trade,249.56,,200000.0,False,flat,0,0,True,False,SELL
06c8a3277d9746da86c57a1e78fe3257,2026-04-14T16:35:11Z,0.3.0,META,macd_pullback,v2,5m,HOLD,no_trade,664.12,,200000.0,False,flat,0,0,True,False,SELL
fd885b27148143d5836529e063ab998b,2026-04-14T16:35:12Z,0.3.0,MSFT,macd_pullback,v2,5m,HOLD,no_trade,394.055,,200000.0,False,flat,0,0,True,False,SELL
a6014cfa1ad64111a81ea0d68055346c,2026-04-14T16:35:13Z,0.3.0,NVDA,macd_pullback,v2,5m,HOLD,no_trade,194.57,,200000.0,False,flat,0,0,True,False,SELL
4c2c36eedbe944dca003c7729a64320d,2026-04-14T16:36:14Z,0.3.0,AAPL,macd_pullback,v2,5m,HOLD,no_trade,257.87,,200000.0,False,flat,0,0,True,False,SELL
bcbfc19339a64be4abb7376115daf9b1,2026-04-14T16:36:16Z,0.3.0,AMD,macd_pullback,v2,5m,HOLD,no_trade,252.69,,200000.0,False,flat,0,0,True,False,SELL
83b4ffbcde5e4515934ff3e6a6bf861b,2026-04-14T16:36:17Z,0.3.0,AMZN,macd_pullback,v2,5m,HOLD,no_trade,249.425,,200000.0,False,flat,0,0,True,False,SELL
f041094cfcd941319eacd89ed2d7aaaa,2026-04-14T16:36:18Z,0.3.0,META,macd_pullback,v2,5m,HOLD,no_trade,664.08,,200000.0,False,flat,0,0,True,False,SELL
171bad0db78d453c831e9a13a2df0a0c,2026-04-14T16:36:19Z,0.3.0,MSFT,macd_pullback,v2,5m,HOLD,no_trade,393.94,,200000.0,False,flat,0,0,True,False,SELL
05195f6d4b204735887a00816fc198a8,2026-04-14T16:36:21Z,0.3.0,NVDA,macd_pullback,v2,5m,HOLD,no_trade,194.58,,200000.0,False,flat,0,0,True,False,SELL
d3ba61e88b0f4046a9612243b13e32b6,2026-04-14T16:37:22Z,0.3.0,AAPL,macd_pullback,v2,5m,HOLD,no_trade,257.89,,200000.0,False,flat,0,0,True,False,SELL
18b4123207b94c53b52f0ead9599b94e,2026-04-14T16:37:24Z,0.3.0,AMD,macd_pullback,v2,5m,HOLD,no_trade,252.58,,200000.0,False,flat,0,0,True,False,SELL
ffae963857e4461ca392ad7af0cdc4a5,2026-04-14T16:37:25Z,0.3.0,AMZN,macd_pullback,v2,5m,HOLD,no_trade,249.58,,200000.0,False,flat,0,0,True,False,SELL
0683ca58b0894d7bb60f4ff1bf1f663b,2026-04-14T16:37:26Z,0.3.0,META,macd_pullback,v2,5m,HOLD,no_trade,663.95,,200000.0,False,flat,0,0,True,False,SELL
646de119c31a498094611a6c4074eccc,2026-04-14T16:37:28Z,0.3.0,MSFT,macd_pullback,v2,5m,HOLD,no_trade,393.72,,200000.0,False,flat,0,0,True,False,SELL
d446d6693c5b49f7af314a6e9e7ea112,2026-04-14T16:37:29Z,0.3.0,NVDA,macd_pullback,v2,5m,HOLD,no_trade,194.59,,200000.0,False,flat,0,0,True,False,SELL
e508c517b82d4543ae7c75ce10d46359,2026-04-14T16:38:30Z,0.3.0,AAPL,macd_pullback,v2,5m,HOLD,no_trade,257.98,,200000.0,False,flat,0,0,True,False,SELL
9c315465d3b64452a2db906b5e135c31,2026-04-14T16:38:32Z,0.3.0,AMD,macd_pullback,v2,5m,HOLD,no_trade,252.82,,200000.0,False,flat,0,0,True,False,SELL
6e9d3b1ca9aa4782a76664d9fd3fc206,2026-04-14T16:38:33Z,0.3.0,AMZN,macd_pullback,v2,5m,HOLD,no_trade,249.72,,200000.0,False,flat,0,0,True,False,SELL
67aded3665624c00bc4348151ff42960,2026-04-14T16:38:34Z,0.3.0,META,macd_pullback,v2,5m,HOLD,no_trade,664.09,,200000.0,False,flat,0,0,True,False,SELL
e7855dbc41614387b7ebddddc19d3cf3,2026-04-14T16:38:35Z,0.3.0,MSFT,macd_pullback,v2,5m,HOLD,no_trade,393.85,,200000.0,False,flat,0,0,True,False,SELL
b219e9226d49435085db54e092a10d5f,2026-04-14T16:38:37Z,0.3.0,NVDA,macd_pullback,v2,5m,HOLD,no_trade,194.75,,200000.0,False,flat,0,0,True,False,SELL
013b32e5171a4d79bf0da445ca451b85,2026-04-14T16:39:38Z,0.3.0,AAPL,macd_pullback,v2,5m,HOLD,no_trade,258.16,,200000.0,False,flat,0,0,True,False,SELL
5608165a850b46f8816cfed768aabe5e,2026-04-14T16:39:40Z,0.3.0,AMD,macd_pullback,v2,5m,HOLD,no_trade,252.72,,200000.0,False,flat,0,0,True,False,SELL
88739bbd8e94429daba4cc24a7b27f42,2026-04-14T16:39:41Z,0.3.0,AMZN,macd_pullback,v2,5m,HOLD,no_trade,249.78,,200000.0,False,flat,0,0,True,False,SELL
d4e24712191d48b4a49bcc5279a171f3,2026-04-14T16:39:43Z,0.3.0,META,macd_pullback,v2,5m,HOLD,no_trade,663.81,,200000.0,False,flat,0,0,True,False,SELL
7c695751d5c344bc900abbaece3c9464,2026-04-14T16:39:44Z,0.3.0,MSFT,macd_pullback,v2,5m,HOLD,no_trade,393.86,,200000.0,False,flat,0,0,True,False,SELL
587998f9fc9d4fa293f4a30b6973897b,2026-04-14T16:39:46Z,0.3.0,NVDA,macd_pullback,v2,5m,HOLD,no_trade,194.755,,200000.0,False,flat,0,0,True,False,SELL
0c9f633864f14ae78a9a444d5c859e88,2026-04-14T16:40:47Z,0.3.0,AAPL,macd_pullback,v2,5m,HOLD,no_trade,258.29,,200000.0,False,flat,0,0,True,False,SELL
850945b5b8864f96871c96fdbc30eca7,2026-04-14T16:40:49Z,0.3.0,AMD,macd_pullback,v2,5m,HOLD,no_trade,252.72,,200000.0,False,flat,0,0,True,False,SELL
e6e8f979766448c8920efe67474b7a8d,2026-04-14T16:40:50Z,0.3.0,AMZN,macd_pullback,v2,5m,HOLD,no_trade,249.93,,200000.0,False,flat,0,0,True,False,SELL
cc256ec7b7234830bf1073f872a840c4,2026-04-14T16:40:51Z,0.3.0,META,macd_pullback,v2,5m,HOLD,no_trade,663.675,,200000.0,False,flat,0,0,True,False,SELL
7d9bec7664774c93b25f0453e6fed1bb,2026-04-14T16:40:53Z,0.3.0,MSFT,macd_pullback,v2,5m,HOLD,no_trade,393.705,,200000.0,False,flat,0,0,True,False,SELL
bfe1527f649b430fbd6785de5ab0e88e,2026-04-14T16:40:54Z,0.3.0,NVDA,macd_pullback,v2,5m,HOLD,no_trade,194.795,,200000.0,False,flat,0,0,True,False,SELL
1f83496bb1fe42b39ba038f31d2ac97e,2026-04-14T16:41:55Z,0.3.0,AAPL,macd_pullback,v2,5m,HOLD,no_trade,258.58,,200000.0,False,flat,0,0,True,False,SELL
f55c97ce1c5942f0aa10a6f29899db13,2026-04-14T16:41:56Z,0.3.0,AMD,macd_pullback,v2,5m,HOLD,no_trade,252.85,,200000.0,False,flat,0,0,True,False,SELL
48b5c26efe0d4a3e96c4ad27eeef5b7c,2026-04-14T16:41:58Z,0.3.0,AMZN,macd_pullback,v2,5m,HOLD,no_trade,249.895,,200000.0,False,flat,0,0,True,False,SELL
1b5f4a3507204c759bd751625ec95514,2026-04-14T16:41:59Z,0.3.0,META,macd_pullback,v2,5m,HOLD,no_trade,663.86,,200000.0,False,flat,0,0,True,False,SELL
695224f1a1e740df813c0fd31335defe,2026-04-14T16:42:00Z,0.3.0,MSFT,macd_pullback,v2,5m,HOLD,no_trade,393.72,,200000.0,False,flat,0,0,True,False,SELL
063656db2df249e19a00a29803c327bf,2026-04-14T16:42:02Z,0.3.0,NVDA,macd_pullback,v2,5m,HOLD,no_trade,194.715,,200000.0,False,flat,0,0,True,False,SELL
9e87e3255b2a46f1ad52dbcfe1b87519,2026-04-14T16:43:03Z,0.3.0,AAPL,macd_pullback,v2,5m,HOLD,no_trade,258.6,,200000.0,False,flat,0,0,True,False,SELL
516f28e128704c1db37277c50501528c,2026-04-14T16:43:04Z,0.3.0,AMD,macd_pullback,v2,5m,HOLD,no_trade,252.76,,200000.0,False,flat,0,0,True,False,SELL
dc56add2acc344f68b9223f916110929,2026-04-14T16:43:05Z,0.3.0,AMZN,macd_pullback,v2,5m,HOLD,no_trade,250.15,,200000.0,False,flat,0,0,True,False,SELL
291a58bfa8614388ad087f9312720451,2026-04-14T16:43:07Z,0.3.0,META,macd_pullback,v2,5m,HOLD,no_trade,664.06,,200000.0,False,flat,0,0,True,False,SELL
f2c0f92e01d3465ca08e2057a8960b58,2026-04-14T16:43:09Z,0.3.0,MSFT,macd_pullback,v2,5m,HOLD,no_trade,393.57,,200000.0,False,flat,0,0,True,False,SELL
749d67d896a3474dbbf05e28bb07c170,2026-04-14T16:43:11Z,0.3.0,NVDA,macd_pullback,v2,5m,HOLD,no_trade,194.72,,200000.0,False,flat,0,0,True,False,SELL
ad3eb6aed44041d2b5abc3bcbdf6b814,2026-04-14T16:44:12Z,0.3.0,AAPL,macd_pullback,v2,5m,HOLD,no_trade,258.58,,200000.0,False,flat,0,0,True,False,SELL
74b11986649b46cfbc0e1f75bb881181,2026-04-14T16:44:14Z,0.3.0,AMD,macd_pullback,v2,5m,HOLD,no_trade,252.79,,200000.0,False,flat,0,0,True,False,SELL
cf224acf086145c198903c2909aae85e,2026-04-14T16:44:15Z,0.3.0,AMZN,macd_pullback,v2,5m,HOLD,no_trade,250.285,,200000.0,False,flat,0,0,True,False,SELL
10fe29a3a7b2440998383d36f7c7a4c4,2026-04-14T16:44:16Z,0.3.0,META,macd_pullback,v2,5m,HOLD,no_trade,663.93,,200000.0,False,flat,0,0,True,False,SELL
99a21cbaf4734fbfac9ca34b0a471b3f,2026-04-14T16:44:18Z,0.3.0,MSFT,macd_pullback,v2,5m,HOLD,no_trade,393.605,,200000.0,False,flat,0,0,True,False,SELL
4529d629e38940169594e3871e1624b7,2026-04-14T16:44:19Z,0.3.0,NVDA,macd_pullback,v2,5m,HOLD,no_trade,194.73,,200000.0,False,flat,0,0,True,False,SELL
b146a0fc554d430582521a56d8a50e04,2026-04-14T16:45:20Z,0.3.0,AAPL,macd_pullback,v2,5m,HOLD,no_trade,258.66,,200000.0,False,flat,0,0,True,False,SELL
864a3a70ee724a8291c17646ede14765,2026-04-14T16:45:21Z,0.3.0,AMD,macd_pullback,v2,5m,HOLD,no_trade,253.02,,200000.0,False,flat,0,0,True,False,SELL
8bc6801ff67f42309a69ea01fa235b4f,2026-04-14T16:45:22Z,0.3.0,AMZN,macd_pullback,v2,5m,HOLD,no_trade,250.325,,200000.0,False,flat,0,0,True,False,SELL
34e722c9189d4a97b9b63c76ce6dd49c,2026-04-14T16:45:23Z,0.3.0,META,macd_pullback,v2,5m,HOLD,no_trade,663.64,,200000.0,False,flat,0,0,True,False,SELL
041b45bcf8224931939bbd2e4f1474eb,2026-04-14T16:45:24Z,0.3.0,MSFT,macd_pullback,v2,5m,HOLD,no_trade,393.72,,200000.0,False,flat,0,0,True,False,SELL
d45ecfcd5a3a4810915ac0fbf2d96cd3,2026-04-14T16:45:26Z,0.3.0,NVDA,macd_pullback,v2,5m,HOLD,no_trade,194.69,,200000.0,False,flat,0,0,True,False,SELL
db0f0811c8934039b66dfb98203357ae,2026-04-14T16:46:27Z,0.3.0,AAPL,macd_pullback,v2,5m,HOLD,no_trade,258.825,,200000.0,False,flat,0,0,True,False,SELL
6f896607cf994266bbb858499cda8d39,2026-04-14T16:46:28Z,0.3.0,AMD,macd_pullback,v2,5m,HOLD,no_trade,252.96,,200000.0,False,flat,0,0,True,False,SELL
9d6bb832666a4bb4859b193548bca0dc,2026-04-14T16:46:29Z,0.3.0,AMZN,macd_pullback,v2,5m,HOLD,no_trade,250.05,,200000.0,False,flat,0,0,True,False,SELL
69e370ea43034707b8cab179c770f8d2,2026-04-14T16:46:30Z,0.3.0,META,macd_pullback,v2,5m,HOLD,no_trade,663.9,,200000.0,False,flat,0,0,True,False,SELL
f2332a7f3e4f416989ac884442351b5e,2026-04-14T16:46:32Z,0.3.0,MSFT,macd_pullback,v2,5m,HOLD,no_trade,393.91,,200000.0,False,flat,0,0,True,False,SELL
144679e1f8ab493faccf241ba31a93f5,2026-04-14T16:46:33Z,0.3.0,NVDA,macd_pullback,v2,5m,HOLD,no_trade,194.62,,200000.0,False,flat,0,0,True,False,SELL
74e6b2365bb943d6bf08e7b0f449a633,2026-04-14T16:47:34Z,0.3.0,AAPL,macd_pullback,v2,5m,HOLD,no_trade,258.9,,200000.0,False,flat,0,0,True,False,SELL
a7acba567e7745aa933183d63c5631e5,2026-04-14T16:47:35Z,0.3.0,AMD,macd_pullback,v2,5m,HOLD,no_trade,252.855,,200000.0,False,flat,0,0,True,False,SELL
d8ab11bb494c4bdcbaba7e23ec83153b,2026-04-14T16:47:37Z,0.3.0,AMZN,macd_pullback,v2,5m,HOLD,no_trade,249.955,,200000.0,False,flat,0,0,True,False,SELL
f549caa706e247209c30d5e3f58c805d,2026-04-14T16:47:38Z,0.3.0,META,macd_pullback,v2,5m,HOLD,no_trade,663.67,,200000.0,False,flat,0,0,True,False,SELL
ee8d3ef273ef425db0f366392dcb17dd,2026-04-14T16:47:39Z,0.3.0,MSFT,macd_pullback,v2,5m,HOLD,no_trade,393.97,,200000.0,False,flat,0,0,True,False,SELL
64d73ee422ee4087be63604c23af5e84,2026-04-14T16:47:40Z,0.3.0,NVDA,macd_pullback,v2,5m,HOLD,no_trade,194.595,,200000.0,False,flat,0,0,True,False,SELL
a1ab91b721d84c728dd3e223537d0e63,2026-04-14T16:48:42Z,0.3.0,AAPL,macd_pullback,v2,5m,HOLD,no_trade,258.935,,200000.0,False,flat,0,0,True,False,SELL
66eefa7511af41d4992af17d742b123e,2026-04-14T16:48:43Z,0.3.0,AMD,macd_pullback,v2,5m,HOLD,no_trade,252.95,,200000.0,False,flat,0,0,True,False,SELL
454a4f5677c9439d9b383c72ccb62efc,2026-04-14T16:48:44Z,0.3.0,AMZN,macd_pullback,v2,5m,HOLD,no_trade,249.89,,200000.0,False,flat,0,0,True,False,SELL
017e07b829e548e8bce8030471f2ab2f,2026-04-14T16:48:45Z,0.3.0,META,macd_pullback,v2,5m,HOLD,no_trade,664.325,,200000.0,False,flat,0,0,True,False,SELL
72a99435672342039c552cf9c0b28c7e,2026-04-14T16:48:47Z,0.3.0,MSFT,macd_pullback,v2,5m,HOLD,no_trade,394.21,,200000.0,False,flat,0,0,True,False,SELL
ccf3efa1d65b4255832721730e11bed3,2026-04-14T16:48:48Z,0.3.0,NVDA,macd_pullback,v2,5m,HOLD,no_trade,194.645,,200000.0,False,flat,0,0,True,False,SELL
d82633307ebc443baf5da0bb5dca0b9f,2026-04-14T16:49:49Z,0.3.0,AAPL,macd_pullback,v2,5m,HOLD,no_trade,259.13,,200000.0,False,flat,0,0,True,False,SELL
7a580840f9ab4e03826b775a2ec4037c,2026-04-14T16:49:50Z,0.3.0,AMD,macd_pullback,v2,5m,HOLD,no_trade,252.81,,200000.0,False,flat,0,0,True,False,SELL
f8a23fc91f11448585275b735676b90c,2026-04-14T16:49:51Z,0.3.0,AMZN,macd_pullback,v2,5m,HOLD,no_trade,249.875,,200000.0,False,flat,0,0,True,False,SELL
8578868c389f4053a7868a110d09a63a,2026-04-14T16:49:52Z,0.3.0,META,macd_pullback,v2,5m,HOLD,no_trade,664.16,,200000.0,False,flat,0,0,True,False,SELL
5c5090effdff4d60ac55924d8f2295c2,2026-04-14T16:49:54Z,0.3.0,MSFT,macd_pullback,v2,5m,HOLD,no_trade,394.14,,200000.0,False,flat,0,0,True,False,SELL
1f50fec4987f45f18609b2cb2710084f,2026-04-14T16:49:55Z,0.3.0,NVDA,macd_pullback,v2,5m,HOLD,no_trade,194.59,,200000.0,False,flat,0,0,True,False,SELL
164d29a6631c4ee2a2cb2f3809a4b36b,2026-04-14T16:50:56Z,0.3.0,AAPL,macd_pullback,v2,5m,HOLD,no_trade,259.51,,200000.0,False,flat,0,0,True,False,SELL
fc08c37865eb47ee9183db16b4276849,2026-04-14T16:50:57Z,0.3.0,AMD,macd_pullback,v2,5m,HOLD,no_trade,252.93,,200000.0,False,flat,0,0,True,False,SELL
11dd798ddb484f529768c7bfb968d777,2026-04-14T16:50:58Z,0.3.0,AMZN,macd_pullback,v2,5m,HOLD,no_trade,249.875,,200000.0,False,flat,0,0,True,False,SELL
80309e0de2714deba7fdf72ad6925d7f,2026-04-14T16:50:59Z,0.3.0,META,macd_pullback,v2,5m,HOLD,no_trade,663.98,,200000.0,False,flat,0,0,True,False,SELL
ffdedafa400b4b1381147f86334fdf2f,2026-04-14T16:51:00Z,0.3.0,MSFT,macd_pullback,v2,5m,HOLD,no_trade,394.19,,200000.0,False,flat,0,0,True,False,SELL
cf9e3945514b4bec90aaf79ca10fdfeb,2026-04-14T16:51:01Z,0.3.0,NVDA,macd_pullback,v2,5m,HOLD,no_trade,194.7,,200000.0,False,flat,0,0,True,False,SELL
7e6cfe88175f40aa922bde86ff4ff016,2026-04-14T16:52:03Z,0.3.0,AAPL,macd_pullback,v2,5m,HOLD,no_trade,259.39,,200000.0,False,flat,0,0,True,False,SELL
6a88172ac3084f5db745a13c47004a45,2026-04-14T16:52:04Z,0.3.0,AMD,macd_pullback,v2,5m,HOLD,no_trade,252.84,,200000.0,False,flat,0,0,True,False,SELL
4497de5c236f427cb66b8cbb2819e529,2026-04-14T16:52:06Z,0.3.0,AMZN,macd_pullback,v2,5m,HOLD,no_trade,250.105,,200000.0,False,flat,0,0,True,False,SELL
84cea47af770402eae580d31aebaab83,2026-04-14T16:52:07Z,0.3.0,META,macd_pullback,v2,5m,HOLD,no_trade,663.7,,200000.0,False,flat,0,0,True,False,SELL
e711fed8d04949fa9a50051635c92843,2026-04-14T16:52:09Z,0.3.0,MSFT,macd_pullback,v2,5m,HOLD,no_trade,394.05,,200000.0,False,flat,0,0,True,False,SELL
d7b299cd37ce4fba81f7f6feea3ed32f,2026-04-14T16:52:10Z,0.3.0,NVDA,macd_pullback,v2,5m,HOLD,no_trade,194.685,,200000.0,False,flat,0,0,True,False,SELL
f7fb9e2931ed452e86f7355565e4b8e6,2026-04-14T16:53:12Z,0.3.0,AAPL,macd_pullback,v2,5m,HOLD,no_trade,259.495,,200000.0,False,flat,0,0,True,False,SELL
0d162a9690974517aef84fd3669f5e07,2026-04-14T16:53:14Z,0.3.0,AMD,macd_pullback,v2,5m,HOLD,no_trade,252.73,,200000.0,False,flat,0,0,True,False,SELL
27623ed158054a0885e3bcc3bf74cba6,2026-04-14T16:53:15Z,0.3.0,AMZN,macd_pullback,v2,5m,HOLD,no_trade,250.26,,200000.0,False,flat,0,0,True,False,SELL
36232a432d704fec83a70d1a9e252e94,2026-04-14T16:53:16Z,0.3.0,META,macd_pullback,v2,5m,HOLD,no_trade,663.63,,200000.0,False,flat,0,0,True,False,SELL
b7eb30df37984b5e8f3e4871ea179bc7,2026-04-14T16:53:18Z,0.3.0,MSFT,macd_pullback,v2,5m,HOLD,no_trade,394.15,,200000.0,False,flat,0,0,True,False,SELL
b748510af95f461bb4d237518050e79a,2026-04-14T16:53:20Z,0.3.0,NVDA,macd_pullback,v2,5m,HOLD,no_trade,194.64,,200000.0,False,flat,0,0,True,False,SELL
e8c1deb05d1d4e2e80f8b292cc22b6f7,2026-04-14T16:54:21Z,0.3.0,AAPL,macd_pullback,v2,5m,HOLD,no_trade,259.38,,200000.0,False,flat,0,0,True,False,SELL
7d84f72bdd52461e8b0266f608420d26,2026-04-14T16:54:23Z,0.3.0,AMD,macd_pullback,v2,5m,HOLD,no_trade,252.48,,200000.0,False,flat,0,0,True,False,SELL
c88c38eeeece44e5aba77f2e36a20249,2026-04-14T16:54:24Z,0.3.0,AMZN,macd_pullback,v2,5m,HOLD,no_trade,249.98,,200000.0,False,flat,0,0,True,False,SELL
a45e4c5dea6345698716252aba7e1515,2026-04-14T16:54:25Z,0.3.0,META,macd_pullback,v2,5m,HOLD,no_trade,662.99,,200000.0,False,flat,0,0,True,False,SELL
03abf3cfce50479f9bcc37ee981f2464,2026-04-14T16:54:27Z,0.3.0,MSFT,macd_pullback,v2,5m,HOLD,no_trade,394.07,,200000.0,False,flat,0,0,True,False,SELL
1d406fba67bb4372a9d3f64b7f64dfa9,2026-04-14T16:54:29Z,0.3.0,NVDA,macd_pullback,v2,5m,HOLD,no_trade,194.61,,200000.0,False,flat,0,0,True,False,SELL
1820cdaf88fc415f992db311ac4b9879,2026-04-14T16:55:31Z,0.3.0,AAPL,macd_pullback,v2,5m,HOLD,no_trade,259.43,,200000.0,False,flat,0,0,True,False,SELL
aa5a7daf60854c739da82e5ee860b916,2026-04-14T16:55:32Z,0.3.0,AMD,macd_pullback,v2,5m,HOLD,no_trade,252.61,,200000.0,False,flat,0,0,True,False,SELL
3a54f1007c3041ae9483a1ed511c9f15,2026-04-14T16:55:33Z,0.3.0,AMZN,macd_pullback,v2,5m,HOLD,no_trade,249.96,,200000.0,False,flat,0,0,True,False,SELL
f96d6f3b18dc4c80a066a2e016f9cb7c,2026-04-14T16:55:34Z,0.3.0,META,macd_pullback,v2,5m,HOLD,no_trade,663.28,,200000.0,False,flat,0,0,True,False,SELL
eb76a7dd5d404729b2da7c4102691c4f,2026-04-14T16:55:37Z,0.3.0,MSFT,macd_pullback,v2,5m,HOLD,no_trade,394.22,,200000.0,False,flat,0,0,True,False,SELL
74c0619c200b4ff9b0367c90e13fe8e5,2026-04-14T16:55:38Z,0.3.0,NVDA,macd_pullback,v2,5m,HOLD,no_trade,194.625,,200000.0,False,flat,0,0,True,False,SELL
dd5bfd23446a4b29982eaad51bf6b186,2026-04-14T16:56:39Z,0.3.0,AAPL,macd_pullback,v2,5m,HOLD,no_trade,259.41,,200000.0,False,flat,0,0,True,False,SELL
d48a2658931942e3be645dcc5f9bc1dd,2026-04-14T16:56:40Z,0.3.0,AMD,macd_pullback,v2,5m,HOLD,no_trade,252.34,,200000.0,False,flat,0,0,True,False,SELL
5a556115f20b41d696dffbd1923345fd,2026-04-14T16:56:42Z,0.3.0,AMZN,macd_pullback,v2,5m,HOLD,no_trade,250.035,,200000.0,False,flat,0,0,True,False,SELL
55025bdc1a874e3292afa6ae125752c7,2026-04-14T16:56:43Z,0.3.0,META,macd_pullback,v2,5m,HOLD,no_trade,662.69,,200000.0,False,flat,0,0,True,False,SELL
76df0f6e1d61407eb711e54ca4c9d56f,2026-04-14T16:56:44Z,0.3.0,MSFT,macd_pullback,v2,5m,HOLD,no_trade,394.18,,200000.0,False,flat,0,0,True,False,SELL
213806b778bb45b19775e2f7522210d2,2026-04-14T16:56:45Z,0.3.0,NVDA,macd_pullback,v2,5m,HOLD,no_trade,194.585,,200000.0,False,flat,0,0,True,False,SELL
d7e9a8ccbb1b445b97f5997d3cf87fa6,2026-04-14T16:57:46Z,0.3.0,AAPL,macd_pullback,v2,5m,HOLD,no_trade,259.305,,200000.0,False,flat,0,0,True,False,SELL
02cf14e8af9749cd8670a4e11854b226,2026-04-14T16:57:47Z,0.3.0,AMD,macd_pullback,v2,5m,HOLD,no_trade,252.32,,200000.0,False,flat,0,0,True,False,SELL
79f98368d0914145b78d4c68f9b3b589,2026-04-14T16:57:48Z,0.3.0,AMZN,macd_pullback,v2,5m,HOLD,no_trade,249.92,,200000.0,False,flat,0,0,True,False,SELL
1fce3483942a4090ad4c402fc889b5ff,2026-04-14T16:57:49Z,0.3.0,META,macd_pullback,v2,5m,HOLD,no_trade,662.56,,200000.0,False,flat,0,0,True,False,SELL
844610dae41e48b38fabd3e587278761,2026-04-14T16:57:50Z,0.3.0,MSFT,macd_pullback,v2,5m,HOLD,no_trade,394.06,,200000.0,False,flat,0,0,True,False,SELL
5f4cfa1e6a134f0f8264cf5b8048220d,2026-04-14T16:57:51Z,0.3.0,NVDA,macd_pullback,v2,5m,HOLD,no_trade,194.54,,200000.0,False,flat,0,0,True,False,SELL
e728460349a74cc7ac1eff366027c26e,2026-04-14T16:58:52Z,0.3.0,AAPL,macd_pullback,v2,5m,HOLD,no_trade,259.205,,200000.0,False,flat,0,0,True,False,SELL
825c4f93e95343cba13e1a3d79fc4d7d,2026-04-14T16:58:54Z,0.3.0,AMD,macd_pullback,v2,5m,HOLD,no_trade,252.42,,200000.0,False,flat,0,0,True,False,SELL
2f138a456d2f4d52a8cd8c9c219013ce,2026-04-14T16:58:56Z,0.3.0,AMZN,macd_pullback,v2,5m,HOLD,no_trade,249.865,,200000.0,False,flat,0,0,True,False,SELL
9c82b53525dc45afbc29c783cae17571,2026-04-14T16:58:58Z,0.3.0,META,macd_pullback,v2,5m,HOLD,no_trade,662.34,,200000.0,False,flat,0,0,True,False,SELL
2ced74bff6ed434d83e901dc7ede00ab,2026-04-14T16:59:00Z,0.3.0,MSFT,macd_pullback,v2,5m,HOLD,no_trade,394.06,,200000.0,False,flat,0,0,True,False,SELL
7ba441479ec74f1ba8422b574b15506f,2026-04-14T16:59:01Z,0.3.0,NVDA,macd_pullback,v2,5m,HOLD,no_trade,194.53,,200000.0,False,flat,0,0,True,False,SELL
e1aff6df590e4283b5f88e6567803417,2026-04-14T17:00:02Z,0.3.0,AAPL,macd_pullback,v2,5m,HOLD,no_trade,259.275,,200000.0,False,flat,0,0,True,False,SELL
e544f5c6dacd43e997f0673bf90eb231,2026-04-14T17:00:04Z,0.3.0,AMD,macd_pullback,v2,5m,HOLD,no_trade,252.33,,200000.0,False,flat,0,0,True,False,SELL
317b43982bf54be3be810ba43b9d19bd,2026-04-14T17:00:08Z,0.3.0,AMZN,macd_pullback,v2,5m,HOLD,no_trade,250.04,,200000.0,False,flat,0,0,True,False,SELL
c88afb7911d548d1a60ff9b41c262493,2026-04-14T17:00:12Z,0.3.0,META,macd_pullback,v2,5m,HOLD,no_trade,662.05,,200000.0,False,flat,0,0,True,False,SELL
7683d6ae58af4e82b82f7ee883c03500,2026-04-14T17:00:13Z,0.3.0,MSFT,macd_pullback,v2,5m,HOLD,no_trade,394.32,,200000.0,False,flat,0,0,True,False,SELL
2ed62941e83c4e83987f0f46affc05d4,2026-04-14T17:00:16Z,0.3.0,NVDA,macd_pullback,v2,5m,HOLD,no_trade,194.56,,200000.0,False,flat,0,0,True,False,SELL
7c7b8b989a37475282a339b6e9641e30,2026-04-14T17:01:22Z,0.3.0,AAPL,macd_pullback,v2,5m,HOLD,no_trade,259.44,,200000.0,False,flat,0,0,True,False,SELL
18180484b97648a3a5f6ff2886399a78,2026-04-14T17:01:23Z,0.3.0,AMD,macd_pullback,v2,5m,HOLD,no_trade,252.33,,200000.0,False,flat,0,0,True,False,SELL
f7bc8e82b8b6445193e96e43305ed9b0,2026-04-14T17:01:24Z,0.3.0,AMZN,macd_pullback,v2,5m,HOLD,no_trade,250.06,,200000.0,False,flat,0,0,True,False,SELL
f49af823c1fa4eb29bc19db5d5a2d39f,2026-04-14T17:01:25Z,0.3.0,META,macd_pullback,v2,5m,HOLD,no_trade,662.35,,200000.0,False,flat,0,0,True,False,SELL
4ac6714e35cc472dab83817f1117a319,2026-04-14T17:01:27Z,0.3.0,MSFT,macd_pullback,v2,5m,HOLD,no_trade,394.435,,200000.0,False,flat,0,0,True,False,SELL
2db7e8b6d1264c7c9c2b5d11b0a1b282,2026-04-14T17:01:33Z,0.3.0,NVDA,macd_pullback,v2,5m,HOLD,no_trade,194.575,,200000.0,False,flat,0,0,True,False,SELL
bba26d695e7a4b12947a3c3981f88333,2026-04-14T17:02:41Z,0.3.0,AAPL,macd_pullback,v2,5m,HOLD,no_trade,259.565,,200000.0,False,flat,0,0,True,False,SELL
30a0a920089c4bc4946edaff714fea56,2026-04-14T17:02:47Z,0.3.0,AMD,macd_pullback,v2,5m,HOLD,no_trade,252.56,,200000.0,False,flat,0,0,True,False,SELL
961f254f1ba64422bc3c0e6be1a3ace9,2026-04-14T17:02:54Z,0.3.0,AMZN,macd_pullback,v2,5m,HOLD,no_trade,250.04,,200000.0,False,flat,0,0,True,False,SELL
07b2fe2d3d0245cdbf6e99dd4f1b753e,2026-04-14T17:03:00Z,0.3.0,META,macd_pullback,v2,5m,HOLD,no_trade,662.29,,200000.0,False,flat,0,0,True,False,SELL
bf12b3229d514a868e30e6bf322cadf7,2026-04-14T17:03:08Z,0.3.0,MSFT,macd_pullback,v2,5m,HOLD,no_trade,394.445,,200000.0,False,flat,0,0,True,False,SELL
8307180f0fc444638bfa704b57b438c8,2026-04-14T17:03:15Z,0.3.0,NVDA,macd_pullback,v2,5m,HOLD,no_trade,194.57,,200000.0,False,flat,0,0,True,False,SELL
c076f66694394171b257d5697258a5b8,2026-04-14T17:04:20Z,0.3.0,AAPL,macd_pullback,v2,5m,HOLD,no_trade,259.675,,200000.0,False,flat,0,0,True,False,SELL
b1d5cb726e3d4ea6b61578d9fb9776e7,2026-04-14T17:04:27Z,0.3.0,AMD,macd_pullback,v2,5m,HOLD,no_trade,252.48,,200000.0,False,flat,0,0,True,False,SELL
4bf2492fa6b140048885a0b8149b1940,2026-04-14T17:04:32Z,0.3.0,AMZN,macd_pullback,v2,5m,HOLD,no_trade,249.96,,200000.0,False,flat,0,0,True,False,SELL
37650a84c718406eaec550dc7045b870,2026-04-14T17:04:38Z,0.3.0,META,macd_pullback,v2,5m,HOLD,no_trade,662.345,,200000.0,False,flat,0,0,True,False,SELL
946afcc990274c94a261f318942b7530,2026-04-14T17:04:44Z,0.3.0,MSFT,macd_pullback,v2,5m,HOLD,no_trade,394.34,,200000.0,False,flat,0,0,True,False,SELL
a0491d7471124fed96810d65ef8f968b,2026-04-14T17:04:48Z,0.3.0,NVDA,macd_pullback,v2,5m,HOLD,no_trade,194.525,,200000.0,False,flat,0,0,True,False,SELL
0c210d6383244d2bb412eba257ac1a3f,2026-04-14T17:05:53Z,0.3.0,AAPL,macd_pullback,v2,5m,HOLD,no_trade,259.62,,200000.0,False,flat,0,0,True,False,SELL
528b7f4a7b6148acb9bac94b66d7bbd9,2026-04-14T17:06:00Z,0.3.0,AMD,macd_pullback,v2,5m,HOLD,no_trade,252.49,,200000.0,False,flat,0,0,True,False,SELL
ffa5615a6d204b1b8a1a2a6a3ce39c38,2026-04-14T17:06:07Z,0.3.0,AMZN,macd_pullback,v2,5m,HOLD,no_trade,249.645,,200000.0,False,flat,0,0,True,False,SELL
d70fc3d875914b0d81dc96e49ee75644,2026-04-14T17:06:13Z,0.3.0,META,macd_pullback,v2,5m,HOLD,no_trade,662.58,,200000.0,False,flat,0,0,True,False,SELL
faa96ebf5d354dafbf651968810be3bc,2026-04-14T17:06:21Z,0.3.0,MSFT,macd_pullback,v2,5m,HOLD,no_trade,394.145,,200000.0,False,flat,0,0,True,False,SELL
5bf41598adf34c1f8b47caab2f09bc3a,2026-04-14T17:06:25Z,0.3.0,NVDA,macd_pullback,v2,5m,HOLD,no_trade,194.605,,200000.0,False,flat,0,0,True,False,SELL
01c700a5692f40b09476f040104843a5,2026-04-14T17:07:33Z,0.3.0,AAPL,macd_pullback,v2,5m,HOLD,no_trade,259.71,,200000.0,False,flat,0,0,True,False,SELL
a3bd008481ea4f82b40d07287058ae4d,2026-04-14T17:07:38Z,0.3.0,AMD,macd_pullback,v2,5m,HOLD,no_trade,252.6,,200000.0,False,flat,0,0,True,False,SELL
2106dff295e746c8a473441ac3841e33,2026-04-14T17:07:46Z,0.3.0,AMZN,macd_pullback,v2,5m,HOLD,no_trade,249.67,,200000.0,False,flat,0,0,True,False,SELL
15b924fe2194400c85d9a78b3d57d2b1,2026-04-14T17:07:51Z,0.3.0,META,macd_pullback,v2,5m,HOLD,no_trade,662.4,,200000.0,False,flat,0,0,True,False,SELL
43cc77af9543443086b3e0ab7e495a8c,2026-04-14T17:07:56Z,0.3.0,MSFT,macd_pullback,v2,5m,HOLD,no_trade,394.03,,200000.0,False,flat,0,0,True,False,SELL
27f0628eccfc4fb7829f0beeee720e7e,2026-04-14T17:08:03Z,0.3.0,NVDA,macd_pullback,v2,5m,HOLD,no_trade,194.57,,200000.0,False,flat,0,0,True,False,SELL
1892a642d57d43d3b749963b5ed44ecd,2026-04-14T17:09:10Z,0.3.0,AAPL,macd_pullback,v2,5m,HOLD,no_trade,259.545,,200000.0,False,flat,0,0,True,False,SELL
16fd68d65e414f00a4542fe37fa95f98,2026-04-14T17:09:15Z,0.3.0,AMD,macd_pullback,v2,5m,HOLD,no_trade,252.42,,200000.0,False,flat,0,0,True,False,SELL
61e2b66f90044f27971930cea103197d,2026-04-14T17:09:21Z,0.3.0,AMZN,macd_pullback,v2,5m,HOLD,no_trade,249.71,,200000.0,False,flat,0,0,True,False,SELL
f0450685a2df46f39fd6dd1225870bdc,2026-04-14T17:09:26Z,0.3.0,META,macd_pullback,v2,5m,HOLD,no_trade,661.76,,200000.0,False,flat,0,0,True,False,SELL
095810bc472b45fa855d2b722d76ff38,2026-04-14T17:09:30Z,0.3.0,MSFT,macd_pullback,v2,5m,HOLD,no_trade,393.91,,200000.0,False,flat,0,0,True,False,SELL
b2b6a85af5a8469fa59795eb437684a5,2026-04-14T17:09:36Z,0.3.0,NVDA,macd_pullback,v2,5m,HOLD,no_trade,194.355,,200000.0,False,flat,0,0,True,False,SELL
15caece675d74adebdce0fe7aa9f3d61,2026-04-14T17:10:42Z,0.3.0,AAPL,macd_pullback,v2,5m,HOLD,no_trade,259.57,,200000.0,False,flat,0,0,True,False,SELL
87f497fd2eed445cabc084743013bbd3,2026-04-14T17:10:47Z,0.3.0,AMD,macd_pullback,v2,5m,HOLD,no_trade,252.5,,200000.0,False,flat,0,0,True,False,SELL
dd04b34ecf5e47fbab37d07ad08b31d9,2026-04-14T17:10:53Z,0.3.0,AMZN,macd_pullback,v2,5m,HOLD,no_trade,249.66,,200000.0,False,flat,0,0,True,False,SELL
8dafa93506964dfeaa4a4b50555ff406,2026-04-14T17:10:58Z,0.3.0,META,macd_pullback,v2,5m,HOLD,no_trade,661.885,,200000.0,False,flat,0,0,True,False,SELL
65fd15dc58ae4cc0b1f7f93046331b66,2026-04-14T17:11:06Z,0.3.0,MSFT,macd_pullback,v2,5m,HOLD,no_trade,393.92,,200000.0,False,flat,0,0,True,False,SELL
6234a91ad09648bdb975fa59d52e2427,2026-04-14T17:11:10Z,0.3.0,NVDA,macd_pullback,v2,5m,HOLD,no_trade,194.435,,200000.0,False,flat,0,0,True,False,SELL
cea43d505b30468e84fcdf1dc658c436,2026-04-14T17:12:17Z,0.3.0,AAPL,macd_pullback,v2,5m,HOLD,no_trade,259.52,,200000.0,False,flat,0,0,True,False,SELL
756288179ef4450abd7117fd01d05066,2026-04-14T17:12:21Z,0.3.0,AMD,macd_pullback,v2,5m,HOLD,no_trade,252.58,,200000.0,False,flat,0,0,True,False,SELL
3c328e21439d4f939885d36b7cd31597,2026-04-14T17:12:26Z,0.3.0,AMZN,macd_pullback,v2,5m,HOLD,no_trade,249.71,,200000.0,False,flat,0,0,True,False,SELL
65358152b77c40b593be4393e860b1fa,2026-04-14T17:12:32Z,0.3.0,META,macd_pullback,v2,5m,HOLD,no_trade,662.235,,200000.0,False,flat,0,0,True,False,SELL
fecc6705e9414fb68507b00bb5eec0b6,2026-04-14T17:12:37Z,0.3.0,MSFT,macd_pullback,v2,5m,HOLD,no_trade,394.075,,200000.0,False,flat,0,0,True,False,SELL
d9fcc1b2d34949b2bf0efaf68e5fe9fd,2026-04-14T17:12:41Z,0.3.0,NVDA,macd_pullback,v2,5m,HOLD,no_trade,194.52,,200000.0,False,flat,0,0,True,False,SELL
afe0bdddd7ce48ac97e1f5c64802e596,2026-04-14T17:13:48Z,0.3.0,AAPL,macd_pullback,v2,5m,HOLD,no_trade,259.53,,200000.0,False,flat,0,0,True,False,SELL
47aab206d5e5439f8d97cd6589dc445d,2026-04-14T17:13:53Z,0.3.0,AMD,macd_pullback,v2,5m,HOLD,no_trade,252.62,,200000.0,False,flat,0,0,True,False,SELL
47fce432da8d4264b189f515c0e81c8c,2026-04-14T17:13:58Z,0.3.0,AMZN,macd_pullback,v2,5m,HOLD,no_trade,249.67,,200000.0,False,flat,0,0,True,False,SELL
3b202ce8ba5f458b9f37609bc0f64bfe,2026-04-14T17:14:05Z,0.3.0,META,macd_pullback,v2,5m,HOLD,no_trade,662.23,,200000.0,False,flat,0,0,True,False,SELL
92d19874999a42379e8b79745f1c8973,2026-04-14T17:14:12Z,0.3.0,MSFT,macd_pullback,v2,5m,HOLD,no_trade,394.0,,200000.0,False,flat,0,0,True,False,SELL
7ea87b8a467446b781f58cd1d1bcf5f0,2026-04-14T17:14:17Z,0.3.0,NVDA,macd_pullback,v2,5m,HOLD,no_trade,194.505,,200000.0,False,flat,0,0,True,False,SELL
a4774f7693dc4567b4f1c974c0175094,2026-04-14T17:15:23Z,0.3.0,AAPL,macd_pullback,v2,5m,HOLD,no_trade,259.36,,200000.0,False,flat,0,0,True,False,SELL
67a63ed10be842dcbc733ad1c0fe9b3b,2026-04-14T17:15:28Z,0.3.0,AMD,macd_pullback,v2,5m,HOLD,no_trade,252.65,,200000.0,False,flat,0,0,True,False,SELL
12d31c8cd24c4d29b919c4bb03c743c7,2026-04-14T17:15:33Z,0.3.0,AMZN,macd_pullback,v2,5m,HOLD,no_trade,249.57,,200000.0,False,flat,0,0,True,False,SELL
adf3050e7eba4080806622be1f46941d,2026-04-14T17:15:39Z,0.3.0,META,macd_pullback,v2,5m,HOLD,no_trade,661.91,,200000.0,False,flat,0,0,True,False,SELL
976273bdd40145159d93ace7821ecdc6,2026-04-14T17:15:46Z,0.3.0,MSFT,macd_pullback,v2,5m,HOLD,no_trade,394.1,,200000.0,False,flat,0,0,True,False,SELL
ad2cc6dc5b6f4ed3978418963ddeb513,2026-04-14T17:15:53Z,0.3.0,NVDA,macd_pullback,v2,5m,HOLD,no_trade,194.62,,200000.0,False,flat,0,0,True,False,SELL
29338323c98c4d7ca5a2df26bcbb07fe,2026-04-14T17:16:58Z,0.3.0,AAPL,macd_pullback,v2,5m,HOLD,no_trade,259.45,,200000.0,False,flat,0,0,True,False,SELL
c6a09defea9e4b7e9615d0bfe54aa387,2026-04-14T17:17:03Z,0.3.0,AMD,macd_pullback,v2,5m,HOLD,no_trade,252.83,,200000.0,False,flat,0,0,True,False,SELL
ad749d63c2c74445bb7c32461b429239,2026-04-14T17:17:09Z,0.3.0,AMZN,macd_pullback,v2,5m,HOLD,no_trade,249.57,,200000.0,False,flat,0,0,True,False,SELL
1d70a59a30514b578d10eeac79227b7b,2026-04-14T17:17:13Z,0.3.0,META,macd_pullback,v2,5m,HOLD,no_trade,661.79,,200000.0,False,flat,0,0,True,False,SELL
6071ff2360c44df9856132f95c48cd8b,2026-04-14T17:17:20Z,0.3.0,MSFT,macd_pullback,v2,5m,HOLD,no_trade,394.17,,200000.0,False,flat,0,0,True,False,SELL
9b9a5296a56c4fabb2d56432bc00c158,2026-04-14T17:17:25Z,0.3.0,NVDA,macd_pullback,v2,5m,HOLD,no_trade,194.68,,200000.0,False,flat,0,0,True,False,SELL
a66c0888ba334c1486e0ae7ff8003ad7,2026-04-14T17:18:31Z,0.3.0,AAPL,macd_pullback,v2,5m,HOLD,no_trade,259.455,,200000.0,False,flat,0,0,True,False,SELL
43b7af7f847541a7bb5264edcd6f55c4,2026-04-14T17:18:35Z,0.3.0,AMD,macd_pullback,v2,5m,HOLD,no_trade,252.785,,200000.0,False,flat,0,0,True,False,SELL
6eb43f183398483a97e3645e42d61273,2026-04-14T17:18:40Z,0.3.0,AMZN,macd_pullback,v2,5m,HOLD,no_trade,249.82,,200000.0,False,flat,0,0,True,False,SELL
cc24fbe970b74df8b4dc2cd7714e08b4,2026-04-14T17:18:45Z,0.3.0,META,macd_pullback,v2,5m,HOLD,no_trade,661.805,,200000.0,False,flat,0,0,True,False,SELL
5b3dcba7ddd948a99cf2265392c07b94,2026-04-14T17:18:49Z,0.3.0,MSFT,macd_pullback,v2,5m,HOLD,no_trade,394.29,,200000.0,False,flat,0,0,True,False,SELL
9ee89004c6ef4c8688e0904a47c9efae,2026-04-14T17:18:54Z,0.3.0,NVDA,macd_pullback,v2,5m,HOLD,no_trade,194.655,,200000.0,False,flat,0,0,True,False,SELL
55042ca69c7f4f91830d74119ea68fc9,2026-04-14T17:19:59Z,0.3.0,AAPL,macd_pullback,v2,5m,HOLD,no_trade,259.38,,200000.0,False,flat,0,0,True,False,SELL
ac02dfeb27c84bac976308f9e5c3483e,2026-04-14T17:20:05Z,0.3.0,AMD,macd_pullback,v2,5m,HOLD,no_trade,253.165,,200000.0,False,flat,0,0,True,False,SELL
7549ab22c9354b7dafdf3e8c6a04b30e,2026-04-14T17:20:13Z,0.3.0,AMZN,macd_pullback,v2,5m,HOLD,no_trade,250.06,,200000.0,False,flat,0,0,True,False,SELL
7dba9b2131fb428388b880c9e9cf38c9,2026-04-14T17:20:24Z,0.3.0,META,macd_pullback,v2,5m,HOLD,no_trade,662.31,,200000.0,False,flat,0,0,True,False,SELL
ff944eca6494400d8b34c5d29efcb410,2026-04-14T17:20:31Z,0.3.0,MSFT,macd_pullback,v2,5m,HOLD,no_trade,394.21,,200000.0,False,flat,0,0,True,False,SELL
dbbd3bcc878548509c6acdaf6d26316f,2026-04-14T17:20:38Z,0.3.0,NVDA,macd_pullback,v2,5m,HOLD,no_trade,194.785,,200000.0,False,flat,0,0,True,False,SELL
aaaa5284f9fc4ded9d1ddf65d757662f,2026-04-14T17:21:44Z,0.3.0,AAPL,macd_pullback,v2,5m,HOLD,no_trade,259.52,,200000.0,False,flat,0,0,True,False,SELL
7c2ded07cc044ef5b0078f540dd6853f,2026-04-14T17:21:50Z,0.3.0,AMD,macd_pullback,v2,5m,HOLD,no_trade,253.265,,200000.0,False,flat,0,0,True,False,SELL
07674e02f4a54fe6a67ab9683ed11ea8,2026-04-14T17:21:56Z,0.3.0,AMZN,macd_pullback,v2,5m,HOLD,no_trade,250.04,,200000.0,False,flat,0,0,True,False,SELL
e5a62a33fc204aae87029d0a71cd55cd,2026-04-14T17:22:02Z,0.3.0,META,macd_pullback,v2,5m,HOLD,no_trade,662.34,,200000.0,False,flat,0,0,True,False,SELL
fb0e10fc60244adbad8a1dc5b33f86d5,2026-04-14T17:22:10Z,0.3.0,MSFT,macd_pullback,v2,5m,HOLD,no_trade,394.23,,200000.0,False,flat,0,0,True,False,SELL
508d83ef258b4bd2bb219b6c75138bdf,2026-04-14T17:22:17Z,0.3.0,NVDA,macd_pullback,v2,5m,HOLD,no_trade,194.855,,200000.0,False,flat,0,0,True,False,SELL
8d027bab61304d70ac87c1e7402d1500,2026-04-14T17:23:23Z,0.3.0,AAPL,macd_pullback,v2,5m,HOLD,no_trade,259.395,,200000.0,False,flat,0,0,True,False,SELL
d0c0075adb19490891845ae18070760e,2026-04-14T17:23:28Z,0.3.0,AMD,macd_pullback,v2,5m,HOLD,no_trade,253.26,,200000.0,False,flat,0,0,True,False,SELL
90a71eb5b0974068af6b38b2bcfabc28,2026-04-14T17:23:34Z,0.3.0,AMZN,macd_pullback,v2,5m,HOLD,no_trade,250.23,,200000.0,False,flat,0,0,True,False,SELL
6e6fa7f0a50647b0bd6540f281943667,2026-04-14T17:23:40Z,0.3.0,META,macd_pullback,v2,5m,HOLD,no_trade,662.68,,200000.0,False,flat,0,0,True,False,SELL
871a1f9d2f104a57be72d7deb87dbd9e,2026-04-14T17:23:46Z,0.3.0,MSFT,macd_pullback,v2,5m,HOLD,no_trade,394.26,,200000.0,False,flat,0,0,True,False,SELL
d70427234cd7446895e3e5aaa1a8d37d,2026-04-14T17:23:52Z,0.3.0,NVDA,macd_pullback,v2,5m,HOLD,no_trade,194.895,,200000.0,False,flat,0,0,True,False,SELL
b61164ce2a8646abab9fa167f65b9ed6,2026-04-14T17:24:58Z,0.3.0,AAPL,macd_pullback,v2,5m,HOLD,no_trade,259.29,,200000.0,False,flat,0,0,True,False,SELL
aa617e12a3354f24a490fef845e8692a,2026-04-14T17:25:04Z,0.3.0,AMD,macd_pullback,v2,5m,HOLD,no_trade,253.41,,200000.0,False,flat,0,0,True,False,SELL
045456fcf6e94167ac30642146f02a64,2026-04-14T17:25:13Z,0.3.0,AMZN,macd_pullback,v2,5m,HOLD,no_trade,250.18,,200000.0,False,flat,0,0,True,False,SELL
f1f5758495e24d69a4ff72edd4037c0f,2026-04-14T17:25:20Z,0.3.0,META,macd_pullback,v2,5m,HOLD,no_trade,662.45,,200000.0,False,flat,0,0,True,False,SELL
d1678c98e79d4ffc9fa9a381ce670a18,2026-04-14T17:25:27Z,0.3.0,MSFT,macd_pullback,v2,5m,HOLD,no_trade,393.99,,200000.0,False,flat,0,0,True,False,SELL
769687d395ee4f26bc8116579987933a,2026-04-14T17:25:34Z,0.3.0,NVDA,macd_pullback,v2,5m,HOLD,no_trade,194.91,,200000.0,False,flat,0,0,True,False,SELL
5d0f6d4e0bef42ffbf066d19b9d54457,2026-04-14T17:26:38Z,0.3.0,AAPL,macd_pullback,v2,5m,HOLD,no_trade,259.15,,200000.0,False,flat,0,0,True,False,SELL
6a28d57b232d4072aa593157a2f817e2,2026-04-14T17:26:42Z,0.3.0,AMD,macd_pullback,v2,5m,HOLD,no_trade,253.44,,200000.0,False,flat,0,0,True,False,SELL
be527288da7b4f97a2b5916f9e1d6411,2026-04-14T17:26:46Z,0.3.0,AMZN,macd_pullback,v2,5m,HOLD,no_trade,250.18,,200000.0,False,flat,0,0,True,False,SELL
4c22935c478e462c800e6b89e0076718,2026-04-14T17:26:51Z,0.3.0,META,macd_pullback,v2,5m,HOLD,no_trade,662.27,,200000.0,False,flat,0,0,True,False,SELL
b20407198f47490796738808b26fdfd9,2026-04-14T17:26:56Z,0.3.0,MSFT,macd_pullback,v2,5m,HOLD,no_trade,393.92,,200000.0,False,flat,0,0,True,False,SELL
08e11eaa6aba43c7bfd713270a403e9f,2026-04-14T17:27:02Z,0.3.0,NVDA,macd_pullback,v2,5m,HOLD,no_trade,194.85,,200000.0,False,flat,0,0,True,False,SELL
10ff906bcd2b4029ae0419b59bfcaf4d,2026-04-14T17:28:09Z,0.3.0,AAPL,macd_pullback,v2,5m,HOLD,no_trade,258.775,,200000.0,False,flat,0,0,True,False,SELL
72acbf91abb44c34850bb520e7746293,2026-04-14T17:28:14Z,0.3.0,AMD,macd_pullback,v2,5m,HOLD,no_trade,253.3,,200000.0,False,flat,0,0,True,False,SELL
74f5db559e2543679bd7f151ac57213f,2026-04-14T17:28:19Z,0.3.0,AMZN,macd_pullback,v2,5m,HOLD,no_trade,250.03,,200000.0,False,flat,0,0,True,False,SELL
7a40902209a9443eb1f4ba2ddf50d53d,2026-04-14T17:28:24Z,0.3.0,META,macd_pullback,v2,5m,HOLD,no_trade,662.46,,200000.0,False,flat,0,0,True,False,SELL
d1dbbc37b91a412db0d2f747b2b87c81,2026-04-14T17:28:28Z,0.3.0,MSFT,macd_pullback,v2,5m,HOLD,no_trade,394.03,,200000.0,False,flat,0,0,True,False,SELL
ca002edb477b4ab1b7a2de12910e051c,2026-04-14T17:28:33Z,0.3.0,NVDA,macd_pullback,v2,5m,HOLD,no_trade,194.805,,200000.0,False,flat,0,0,True,False,SELL
19aa411467114c73869d36ba1258ba82,2026-04-14T17:29:38Z,0.3.0,AAPL,macd_pullback,v2,5m,HOLD,no_trade,258.685,,200000.0,False,flat,0,0,True,False,SELL
328fa31c73d8489c9550b54a528e6d29,2026-04-14T17:29:44Z,0.3.0,AMD,macd_pullback,v2,5m,HOLD,no_trade,253.35,,200000.0,False,flat,0,0,True,False,SELL
487cd8723c8d43bf9eb75600eb9840b9,2026-04-14T17:29:50Z,0.3.0,AMZN,macd_pullback,v2,5m,HOLD,no_trade,250.03,,200000.0,False,flat,0,0,True,False,SELL
c65a538e2d504d0d86de3874811b00bd,2026-04-14T17:29:55Z,0.3.0,META,macd_pullback,v2,5m,HOLD,no_trade,662.13,,200000.0,False,flat,0,0,True,False,SELL
2b09ec9f9ec345399f4c890da9b9f02d,2026-04-14T17:30:01Z,0.3.0,MSFT,macd_pullback,v2,5m,HOLD,no_trade,394.08,,200000.0,False,flat,0,0,True,False,SELL
a0bee7683f214f9bab5c8b997850a071,2026-04-14T17:30:09Z,0.3.0,NVDA,macd_pullback,v2,5m,HOLD,no_trade,194.715,,200000.0,False,flat,0,0,True,False,SELL
8c1cda0e09c548bda0b912931083214d,2026-04-14T17:31:15Z,0.3.0,AAPL,macd_pullback,v2,5m,HOLD,no_trade,258.55,,200000.0,False,flat,0,0,True,False,SELL
726dc4db842e4762a530f88e5a70719e,2026-04-14T17:31:22Z,0.3.0,AMD,macd_pullback,v2,5m,HOLD,no_trade,253.39,,200000.0,False,flat,0,0,True,False,SELL
9dffc79a1de54b9987c2e4f0624acff9,2026-04-14T17:31:27Z,0.3.0,AMZN,macd_pullback,v2,5m,HOLD,no_trade,250.105,,200000.0,False,flat,0,0,True,False,SELL
e03729fa58674465bd54452ff2359598,2026-04-14T17:31:33Z,0.3.0,META,macd_pullback,v2,5m,HOLD,no_trade,662.14,,200000.0,False,flat,0,0,True,False,SELL
3d2f0cd01e8742489d6df085666de569,2026-04-14T17:31:39Z,0.3.0,MSFT,macd_pullback,v2,5m,HOLD,no_trade,394.12,,200000.0,False,flat,0,0,True,False,SELL
7fdf02355cef4eaa8005536acb2208c2,2026-04-14T17:31:46Z,0.3.0,NVDA,macd_pullback,v2,5m,HOLD,no_trade,194.775,,200000.0,False,flat,0,0,True,False,SELL
74afa07c9b484650baa07b12c6ebb505,2026-04-14T17:32:52Z,0.3.0,AAPL,macd_pullback,v2,5m,HOLD,no_trade,258.59,,200000.0,False,flat,0,0,True,False,SELL
4fd90b1feaf0441584bc023b5c50d710,2026-04-14T17:32:58Z,0.3.0,AMD,macd_pullback,v2,5m,HOLD,no_trade,253.38,,200000.0,False,flat,0,0,True,False,SELL
b827d0d9e4ab40dfac36935d278d104b,2026-04-14T17:33:06Z,0.3.0,AMZN,macd_pullback,v2,5m,HOLD,no_trade,250.4,,200000.0,False,flat,0,0,True,False,SELL
3636afdb3e514425a6156059744f7c33,2026-04-14T17:33:10Z,0.3.0,META,macd_pullback,v2,5m,HOLD,no_trade,662.47,,200000.0,False,flat,0,0,True,False,SELL
67cd85f1c1be428090ef014ef2353eb5,2026-04-14T17:33:15Z,0.3.0,MSFT,macd_pullback,v2,5m,HOLD,no_trade,394.48,,200000.0,False,flat,0,0,True,False,SELL
cf7ed50fca4c45999c1154912c664c63,2026-04-14T17:33:23Z,0.3.0,NVDA,macd_pullback,v2,5m,HOLD,no_trade,194.72,,200000.0,False,flat,0,0,True,False,SELL
f93372bda5e14b6ebd8bdad1cf3fbedf,2026-04-14T17:34:30Z,0.3.0,AAPL,macd_pullback,v2,5m,HOLD,no_trade,258.39,,200000.0,False,flat,0,0,True,False,SELL
2eb8230f00e54654a9ad04af9a3c1de0,2026-04-14T17:34:35Z,0.3.0,AMD,macd_pullback,v2,5m,HOLD,no_trade,253.45,,200000.0,False,flat,0,0,True,False,SELL
6121d71181e14bdd8427b791aaa0fd70,2026-04-14T17:34:40Z,0.3.0,AMZN,macd_pullback,v2,5m,HOLD,no_trade,250.68,,200000.0,False,flat,0,0,True,False,SELL
d76e1c9a763b491484d1c4a70abb98cc,2026-04-14T17:34:45Z,0.3.0,META,macd_pullback,v2,5m,HOLD,no_trade,662.31,,200000.0,False,flat,0,0,True,False,SELL
8e6a0b2150044d4ea4cd0d9cbcb45c2a,2026-04-14T17:34:50Z,0.3.0,MSFT,macd_pullback,v2,5m,HOLD,no_trade,394.31,,200000.0,False,flat,0,0,True,False,SELL
b4f0d12dfcd24eaf9493aba551c8a95c,2026-04-14T17:34:55Z,0.3.0,NVDA,macd_pullback,v2,5m,HOLD,no_trade,194.73,,200000.0,False,flat,0,0,True,False,SELL
2cef32d0e1db43d699487c72f7cc002c,2026-04-14T17:36:01Z,0.3.0,AAPL,macd_pullback,v2,5m,HOLD,no_trade,258.395,,200000.0,False,flat,0,0,True,False,SELL
97fdf7729e794165988af87c2972681b,2026-04-14T17:36:09Z,0.3.0,AMD,macd_pullback,v2,5m,HOLD,no_trade,253.38,,200000.0,False,flat,0,0,True,False,SELL
99b8d80813ff42b5aa08ac42e7fdb491,2026-04-14T17:36:16Z,0.3.0,AMZN,macd_pullback,v2,5m,HOLD,no_trade,250.815,,200000.0,False,flat,0,0,True,False,SELL
ea5956508a0245f6b4c9d2d25dec4eb4,2026-04-14T17:36:22Z,0.3.0,META,macd_pullback,v2,5m,HOLD,no_trade,662.205,,200000.0,False,flat,0,0,True,False,SELL
4a38651bd82c492d9681f3ddf667f190,2026-04-14T17:36:29Z,0.3.0,MSFT,macd_pullback,v2,5m,HOLD,no_trade,394.09,,200000.0,False,flat,0,0,True,False,SELL
582020726cf048d897c0e71895d47c67,2026-04-14T17:36:35Z,0.3.0,NVDA,macd_pullback,v2,5m,HOLD,no_trade,194.77,,200000.0,False,flat,0,0,True,False,SELL
cf45a87fd05c4e3da5beb5c7f0701213,2026-04-14T17:37:39Z,0.3.0,AAPL,macd_pullback,v2,5m,HOLD,no_trade,258.26,,200000.0,False,flat,0,0,True,False,SELL
4e3c68bc646f4318a53f38c12b25762e,2026-04-14T17:37:44Z,0.3.0,AMD,macd_pullback,v2,5m,HOLD,no_trade,253.52,,200000.0,False,flat,0,0,True,False,SELL
61751844af4f441da1f142965c68811e,2026-04-14T17:37:49Z,0.3.0,AMZN,macd_pullback,v2,5m,HOLD,no_trade,250.88,,200000.0,False,flat,0,0,True,False,SELL
16ccf7af2c4544e6bc5c95aab59f22fe,2026-04-14T17:37:53Z,0.3.0,META,macd_pullback,v2,5m,HOLD,no_trade,662.35,,200000.0,False,flat,0,0,True,False,SELL
b7c11528e62f4a668cec90e255823555,2026-04-14T17:37:58Z,0.3.0,MSFT,macd_pullback,v2,5m,HOLD,no_trade,394.29,,200000.0,False,flat,0,0,True,False,SELL
3426eeb37b054ae6a9d817b3c131f1f6,2026-04-14T17:38:03Z,0.3.0,NVDA,macd_pullback,v2,5m,HOLD,no_trade,194.68,,200000.0,False,flat,0,0,True,False,SELL
7e6aa60bdf004112b72f3a876d41f0b3,2026-04-14T17:39:10Z,0.3.0,AAPL,macd_pullback,v2,5m,HOLD,no_trade,258.115,,200000.0,False,flat,0,0,True,False,SELL
098885562c21456a979c620e9b9d57b7,2026-04-14T17:39:17Z,0.3.0,AMD,macd_pullback,v2,5m,HOLD,no_trade,253.68,,200000.0,False,flat,0,0,True,False,SELL
dffb7758f2fb4273bcc405ecc917ae0b,2026-04-14T17:39:22Z,0.3.0,AMZN,macd_pullback,v2,5m,HOLD,no_trade,251.365,,200000.0,False,flat,0,0,True,False,SELL
009be5361c714ea499d427dfa04d265e,2026-04-14T17:39:27Z,0.3.0,META,macd_pullback,v2,5m,HOLD,no_trade,662.5,,200000.0,False,flat,0,0,True,False,SELL
0356bc60bd15440892505390cbd35a39,2026-04-14T17:39:32Z,0.3.0,MSFT,macd_pullback,v2,5m,HOLD,no_trade,394.3,,200000.0,False,flat,0,0,True,False,SELL
e20275b3ffd044f59906a4c31776edba,2026-04-14T17:39:37Z,0.3.0,NVDA,macd_pullback,v2,5m,HOLD,no_trade,194.785,,200000.0,False,flat,0,0,True,False,SELL
398f0221421a4a4493a177e0aa701b43,2026-04-14T17:40:43Z,0.3.0,AAPL,macd_pullback,v2,5m,HOLD,no_trade,258.075,,200000.0,False,flat,0,0,True,False,SELL
78b882e6f4354ea28f50213df62ec1e4,2026-04-14T17:40:48Z,0.3.0,AMD,macd_pullback,v2,5m,HOLD,no_trade,253.71,,200000.0,False,flat,0,0,True,False,SELL
ecef0ad52d6a42a5a57b9f449baf596d,2026-04-14T17:40:55Z,0.3.0,AMZN,macd_pullback,v2,5m,HOLD,no_trade,251.61,,200000.0,False,flat,0,0,True,False,SELL
ba3900ecf7a0427f9ad2574bc194ed00,2026-04-14T17:41:00Z,0.3.0,META,macd_pullback,v2,5m,HOLD,no_trade,662.37,,200000.0,False,flat,0,0,True,False,SELL
c776c0e078d040fca25022cbe200b5a6,2026-04-14T17:41:06Z,0.3.0,MSFT,macd_pullback,v2,5m,HOLD,no_trade,394.3,,200000.0,False,flat,0,0,True,False,SELL
af87cf153dd44953ad414dc78ec25589,2026-04-14T17:41:12Z,0.3.0,NVDA,macd_pullback,v2,5m,HOLD,no_trade,194.815,,200000.0,False,flat,0,0,True,False,SELL
8992fd0b39da485590d52c03bc1395f2,2026-04-14T17:42:19Z,0.3.0,AAPL,macd_pullback,v2,5m,HOLD,no_trade,257.935,,200000.0,False,flat,0,0,True,False,SELL
9724932b20454c62af451496dc17c238,2026-04-14T17:42:24Z,0.3.0,AMD,macd_pullback,v2,5m,HOLD,no_trade,253.62,,200000.0,False,flat,0,0,True,False,SELL
7995965825fa4ea3967cfdd7d2e84867,2026-04-14T17:42:28Z,0.3.0,AMZN,macd_pullback,v2,5m,HOLD,no_trade,252.12,,200000.0,False,flat,0,0,True,False,SELL
d8f5e30fb84742c6ae484e89d7c2301c,2026-04-14T17:42:33Z,0.3.0,META,macd_pullback,v2,5m,HOLD,no_trade,663.84,,200000.0,False,flat,0,0,True,False,SELL
4c67f148853c46c2a914658080c5af65,2026-04-14T17:42:39Z,0.3.0,MSFT,macd_pullback,v2,5m,HOLD,no_trade,394.41,,200000.0,False,flat,0,0,True,False,SELL
41c5d94489ac4499beae9ef36901676d,2026-04-14T17:42:44Z,0.3.0,NVDA,macd_pullback,v2,5m,HOLD,no_trade,194.8,,200000.0,False,flat,0,0,True,False,SELL
093c93760adb467ea98ee1be7e388dbd,2026-04-14T17:43:50Z,0.3.0,AAPL,macd_pullback,v2,5m,HOLD,no_trade,257.965,,200000.0,False,flat,0,0,True,False,SELL
f339b43ff6434c79b085c84a2c9ef3d3,2026-04-14T17:43:56Z,0.3.0,AMD,macd_pullback,v2,5m,HOLD,no_trade,253.72,,200000.0,False,flat,0,0,True,False,SELL
6403286ebe76448a8a9df7a759d07adb,2026-04-14T17:44:03Z,0.3.0,AMZN,macd_pullback,v2,5m,HOLD,no_trade,252.05,,200000.0,False,flat,0,0,True,False,SELL
5dac0771ffbc437e941f7d5a19b14aaf,2026-04-14T17:44:09Z,0.3.0,META,macd_pullback,v2,5m,HOLD,no_trade,664.31,,200000.0,False,flat,0,0,True,False,SELL
69fd5f425f4a4534b87c7b840a021407,2026-04-14T17:44:15Z,0.3.0,MSFT,macd_pullback,v2,5m,HOLD,no_trade,394.43,,200000.0,False,flat,0,0,True,False,SELL
db29355eceb4451a9b14edbe5bb8fc45,2026-04-14T17:44:20Z,0.3.0,NVDA,macd_pullback,v2,5m,HOLD,no_trade,194.795,,200000.0,False,flat,0,0,True,False,SELL
aabd1d43df884eeaa08ac57e05aad04b,2026-04-14T17:45:27Z,0.3.0,AAPL,macd_pullback,v2,5m,HOLD,no_trade,258.24,,200000.0,False,flat,0,0,True,False,SELL
5f820b69489f4e68b85cfaf2617af136,2026-04-14T17:45:33Z,0.3.0,AMD,macd_pullback,v2,5m,HOLD,no_trade,253.61,,200000.0,False,flat,0,0,True,False,SELL
e3c1a4d694e04bef9608c77fc506a97f,2026-04-14T17:45:39Z,0.3.0,AMZN,macd_pullback,v2,5m,HOLD,no_trade,251.73,,200000.0,False,flat,0,0,True,False,SELL
91242e80c3384d098a18f2e15aca0877,2026-04-14T17:45:44Z,0.3.0,META,macd_pullback,v2,5m,HOLD,no_trade,664.29,,200000.0,False,flat,0,0,True,False,SELL
e526c119840742e680e8b2ebdbb40832,2026-04-14T17:45:52Z,0.3.0,MSFT,macd_pullback,v2,5m,HOLD,no_trade,394.575,,200000.0,False,flat,0,0,True,False,SELL
98a43d4c8b5a41928a043aad2448b953,2026-04-14T17:45:57Z,0.3.0,NVDA,macd_pullback,v2,5m,HOLD,no_trade,194.8,,200000.0,False,flat,0,0,True,False,SELL
e6b7a552af414dac966b1a1f3a4f2a18,2026-04-14T17:47:04Z,0.3.0,AAPL,macd_pullback,v2,5m,HOLD,no_trade,258.18,,200000.0,False,flat,0,0,True,False,SELL
a469c7795e8e453ea0f76fd737b35bd8,2026-04-14T17:47:10Z,0.3.0,AMD,macd_pullback,v2,5m,HOLD,no_trade,253.345,,200000.0,False,flat,0,0,True,False,SELL
6c3ff84a59ef4603861f52a1f358b359,2026-04-14T17:47:15Z,0.3.0,AMZN,macd_pullback,v2,5m,HOLD,no_trade,251.74,,200000.0,False,flat,0,0,True,False,SELL
4b1c21d738204df5a17e5f45e7195cde,2026-04-14T17:47:20Z,0.3.0,META,macd_pullback,v2,5m,HOLD,no_trade,664.44,,200000.0,False,flat,0,0,True,False,SELL
0eff0f8732de4533be25b1d67bfe2adf,2026-04-14T17:47:24Z,0.3.0,MSFT,macd_pullback,v2,5m,HOLD,no_trade,394.48,,200000.0,False,flat,0,0,True,False,SELL
7bbae8395a6e4a21b8727eeee9fe4c6f,2026-04-14T17:47:29Z,0.3.0,NVDA,macd_pullback,v2,5m,HOLD,no_trade,194.805,,200000.0,False,flat,0,0,True,False,SELL
85e41cb86e9b45e08ae4fc074fd0b418,2026-04-14T17:48:34Z,0.3.0,AAPL,macd_pullback,v2,5m,HOLD,no_trade,258.29,,200000.0,False,flat,0,0,True,False,SELL
5ed89da3e4b14d3b9340fc1bf5b08d48,2026-04-14T17:48:39Z,0.3.0,AMD,macd_pullback,v2,5m,HOLD,no_trade,253.36,,200000.0,False,flat,0,0,True,False,SELL
57c27166285247a29c86819419758136,2026-04-14T17:48:44Z,0.3.0,AMZN,macd_pullback,v2,5m,HOLD,no_trade,251.81,,200000.0,False,flat,0,0,True,False,SELL
23876f5fb7654ac18f4ada288f2d292a,2026-04-14T17:48:49Z,0.3.0,META,macd_pullback,v2,5m,HOLD,no_trade,664.54,,200000.0,False,flat,0,0,True,False,SELL
6f44bb7a3bb84663949f70d6bfa3df22,2026-04-14T17:48:53Z,0.3.0,MSFT,macd_pullback,v2,5m,HOLD,no_trade,394.545,,200000.0,False,flat,0,0,True,False,SELL
7f6e5724617f4fb5aef667b6d816ec5d,2026-04-14T17:48:58Z,0.3.0,NVDA,macd_pullback,v2,5m,HOLD,no_trade,194.735,,200000.0,False,flat,0,0,True,False,SELL
4b7750282f0d4d55b6caa6b6eb2c5c58,2026-04-14T17:50:05Z,0.3.0,AAPL,macd_pullback,v2,5m,HOLD,no_trade,258.37,,200000.0,False,flat,0,0,True,False,SELL
a2fcee0333874b85ac3f823fef117b82,2026-04-14T17:50:10Z,0.3.0,AMD,macd_pullback,v2,5m,HOLD,no_trade,253.46,,200000.0,False,flat,0,0,True,False,SELL
a4c19a57346645f5a2e19fa0d2bdea19,2026-04-14T17:50:18Z,0.3.0,AMZN,macd_pullback,v2,5m,HOLD,no_trade,252.05,,200000.0,False,flat,0,0,True,False,SELL
5331461cee824d93b71524c8fca1e10f,2026-04-14T17:50:23Z,0.3.0,META,macd_pullback,v2,5m,HOLD,no_trade,665.19,,200000.0,False,flat,0,0,True,False,SELL
36e2d5102eca47f8bee4f83564a69966,2026-04-14T17:50:28Z,0.3.0,MSFT,macd_pullback,v2,5m,HOLD,no_trade,394.46,,200000.0,False,flat,0,0,True,False,SELL
3c75d2f20c2b41c484c8d100848559f4,2026-04-14T17:50:33Z,0.3.0,NVDA,macd_pullback,v2,5m,HOLD,no_trade,194.745,,200000.0,False,flat,0,0,True,False,SELL
a2ede05661014ef8beb8ac072fb234eb,2026-04-14T17:51:39Z,0.3.0,AAPL,macd_pullback,v2,5m,HOLD,no_trade,258.27,,200000.0,False,flat,0,0,True,False,SELL
f59acb5595944678af1cf7a2d1482436,2026-04-14T17:51:45Z,0.3.0,AMD,macd_pullback,v2,5m,HOLD,no_trade,253.41,,200000.0,False,flat,0,0,True,False,SELL
1a0028244c5544d789994d6d7d6fb4ec,2026-04-14T17:51:49Z,0.3.0,AMZN,macd_pullback,v2,5m,HOLD,no_trade,251.94,,200000.0,False,flat,0,0,True,False,SELL
cee10cf62ccc4caea99fb3663c3be6a6,2026-04-14T17:51:54Z,0.3.0,META,macd_pullback,v2,5m,HOLD,no_trade,665.02,,200000.0,False,flat,0,0,True,False,SELL
f8ca38b79e78478ea5820d15d81cc658,2026-04-14T17:51:58Z,0.3.0,MSFT,macd_pullback,v2,5m,HOLD,no_trade,394.3,,200000.0,False,flat,0,0,True,False,SELL
9acd23e5507448b1892633df2e2d30cc,2026-04-14T17:52:03Z,0.3.0,NVDA,macd_pullback,v2,5m,HOLD,no_trade,194.79,,200000.0,False,flat,0,0,True,False,SELL
7191e872728c437eaae182381c13e305,2026-04-14T17:53:09Z,0.3.0,AAPL,macd_pullback,v2,5m,HOLD,no_trade,258.29,,200000.0,False,flat,0,0,True,False,SELL
c21dc59dd89d423cb304f23db7d4d5d3,2026-04-14T17:53:15Z,0.3.0,AMD,macd_pullback,v2,5m,HOLD,no_trade,253.31,,200000.0,False,flat,0,0,True,False,SELL
1114b0e9453849589b2f65c391bf1247,2026-04-14T17:53:19Z,0.3.0,AMZN,macd_pullback,v2,5m,HOLD,no_trade,251.4,,200000.0,False,flat,0,0,True,False,SELL
9becdfb063cd467fbb774afae4855d97,2026-04-14T17:53:24Z,0.3.0,META,macd_pullback,v2,5m,HOLD,no_trade,664.66,,200000.0,False,flat,0,0,True,False,SELL
100795701cc44b34b7077a0803ac37ae,2026-04-14T17:53:30Z,0.3.0,MSFT,macd_pullback,v2,5m,HOLD,no_trade,394.21,,200000.0,False,flat,0,0,True,False,SELL
3c6e8f92aecd46bcab312795a2c7a6c5,2026-04-14T17:53:35Z,0.3.0,NVDA,macd_pullback,v2,5m,HOLD,no_trade,194.81,,200000.0,False,flat,0,0,True,False,SELL
5416a12a8c0e4a9297f9ace195f841f9,2026-04-14T17:54:40Z,0.3.0,AAPL,macd_pullback,v2,5m,HOLD,no_trade,258.12,,200000.0,False,flat,0,0,True,False,SELL
986b700ec89d4d018ecdaac377904eca,2026-04-14T17:54:44Z,0.3.0,AMD,macd_pullback,v2,5m,HOLD,no_trade,253.28,,200000.0,False,flat,0,0,True,False,SELL
f5ae347342e04c87b24328ca69fe5b8c,2026-04-14T17:54:48Z,0.3.0,AMZN,macd_pullback,v2,5m,HOLD,no_trade,251.255,,200000.0,False,flat,0,0,True,False,SELL
d08e63c3a4b045168c5bd49011afc80b,2026-04-14T17:54:52Z,0.3.0,META,macd_pullback,v2,5m,HOLD,no_trade,664.49,,200000.0,False,flat,0,0,True,False,SELL
87375560f1f34d2fa85b6c2d468c1101,2026-04-14T17:54:55Z,0.3.0,MSFT,macd_pullback,v2,5m,HOLD,no_trade,393.98,,200000.0,False,flat,0,0,True,False,SELL
69691020281f4dadbdd3700d2f64746e,2026-04-14T17:55:01Z,0.3.0,NVDA,macd_pullback,v2,5m,HOLD,no_trade,194.75,,200000.0,False,flat,0,0,True,False,SELL
f4ac746fd1744579b038c4551e252912,2026-04-14T17:56:09Z,0.3.0,AAPL,macd_pullback,v2,5m,HOLD,no_trade,258.21,,200000.0,False,flat,0,0,True,False,SELL
0263b152b7d642cba7b9617cb9175113,2026-04-14T17:56:14Z,0.3.0,AMD,macd_pullback,v2,5m,HOLD,no_trade,253.49,,200000.0,False,flat,0,0,True,False,SELL
36343a19daea42529d1e65f0ab75c33f,2026-04-14T17:56:19Z,0.3.0,AMZN,macd_pullback,v2,5m,HOLD,no_trade,251.3,,200000.0,False,flat,0,0,True,False,SELL
d069dc7c013c459fa363f88be49acd90,2026-04-14T17:56:25Z,0.3.0,META,macd_pullback,v2,5m,HOLD,no_trade,666.02,,200000.0,False,flat,0,0,True,False,SELL
ad0cf77b87bc4bda96dd2e5d00d3762b,2026-04-14T17:56:31Z,0.3.0,MSFT,macd_pullback,v2,5m,HOLD,no_trade,393.88,,200000.0,False,flat,0,0,True,False,SELL
dea85a96a52e41e6a129e0996c5ae83b,2026-04-14T17:56:36Z,0.3.0,NVDA,macd_pullback,v2,5m,HOLD,no_trade,194.81,,200000.0,False,flat,0,0,True,False,SELL
837a9d1dd5974e0c874f40ee6f60a1ac,2026-04-14T17:57:44Z,0.3.0,AAPL,macd_pullback,v2,5m,HOLD,no_trade,258.25,,200000.0,False,flat,0,0,True,False,SELL
c78ffcb60c9843218f55588a05a5e83e,2026-04-14T17:57:48Z,0.3.0,AMD,macd_pullback,v2,5m,HOLD,no_trade,253.315,,200000.0,False,flat,0,0,True,False,SELL
886b26a2be7043c2b1d45916a8cffc75,2026-04-14T17:57:52Z,0.3.0,AMZN,macd_pullback,v2,5m,HOLD,no_trade,251.33,,200000.0,False,flat,0,0,True,False,SELL
446c29346bd84d7b8cdf23329d9b7651,2026-04-14T17:57:58Z,0.3.0,META,macd_pullback,v2,5m,HOLD,no_trade,665.85,,200000.0,False,flat,0,0,True,False,SELL
d5e0d86753e842cabe1cfaddb0ba5151,2026-04-14T17:58:02Z,0.3.0,MSFT,macd_pullback,v2,5m,HOLD,no_trade,393.655,,200000.0,False,flat,0,0,True,False,SELL
64e1eee00f244e1db301dab6c549576e,2026-04-14T17:58:07Z,0.3.0,NVDA,macd_pullback,v2,5m,HOLD,no_trade,194.75,,200000.0,False,flat,0,0,True,False,SELL
afb2584bf5104f2ca8a79a682f280c4c,2026-04-14T17:59:11Z,0.3.0,AAPL,macd_pullback,v2,5m,HOLD,no_trade,258.34,,200000.0,False,flat,0,0,True,False,SELL
d50a3d0791244921b31f6b39d165eba6,2026-04-14T17:59:15Z,0.3.0,AMD,macd_pullback,v2,5m,HOLD,no_trade,253.43,,200000.0,False,flat,0,0,True,False,SELL
a8260a394a4c4e4596289f2427610ffb,2026-04-14T17:59:20Z,0.3.0,AMZN,macd_pullback,v2,5m,HOLD,no_trade,251.48,,200000.0,False,flat,0,0,True,False,SELL
0daf27d3277944f9b1f8733849e8a109,2026-04-14T17:59:24Z,0.3.0,META,macd_pullback,v2,5m,HOLD,no_trade,665.78,,200000.0,False,flat,0,0,True,False,SELL
965a22af536c4a9e892fdb8e805fe130,2026-04-14T17:59:28Z,0.3.0,MSFT,macd_pullback,v2,5m,HOLD,no_trade,393.18,,200000.0,False,flat,0,0,True,False,SELL
f678e70d16964223960b4c2162d94a3f,2026-04-14T17:59:32Z,0.3.0,NVDA,macd_pullback,v2,5m,HOLD,no_trade,194.755,,200000.0,False,flat,0,0,True,False,SELL
ff9fc9ef4be048c79a6b34f420fa6823,2026-04-14T18:00:39Z,0.3.0,AAPL,macd_pullback,v2,5m,HOLD,no_trade,258.36,,200000.0,False,flat,0,0,True,False,SELL
b6ae7f3312f34a638f81493ea8b8e458,2026-04-14T18:00:45Z,0.3.0,AMD,macd_pullback,v2,5m,HOLD,no_trade,253.595,,200000.0,False,flat,0,0,True,False,SELL
18bd5cb5f2d74a08a053760ad83cf28b,2026-04-14T18:00:49Z,0.3.0,AMZN,macd_pullback,v2,5m,HOLD,no_trade,251.73,,200000.0,False,flat,0,0,True,False,SELL
45980f9a448c428384c593a62c3818f9,2026-04-14T18:00:56Z,0.3.0,META,macd_pullback,v2,5m,HOLD,no_trade,665.66,,200000.0,False,flat,0,0,True,False,SELL
ce59d1efb423402b8399b7219b2bb9e9,2026-04-14T18:01:03Z,0.3.0,MSFT,macd_pullback,v2,5m,HOLD,no_trade,392.875,,200000.0,False,flat,0,0,True,False,SELL
c5cab0f941824fe7b8327017699def5d,2026-04-14T18:01:10Z,0.3.0,NVDA,macd_pullback,v2,5m,HOLD,no_trade,194.85,,200000.0,False,flat,0,0,True,False,SELL
2e4bd1c2c1054f4bb451ac246584ea59,2026-04-14T18:02:16Z,0.3.0,AAPL,macd_pullback,v2,5m,HOLD,no_trade,258.71,,200000.0,False,flat,0,0,True,False,SELL
80062cb32e984f198890af653b8bd7d8,2026-04-14T18:02:21Z,0.3.0,AMD,macd_pullback,v2,5m,HOLD,no_trade,253.655,,200000.0,False,flat,0,0,True,False,SELL
ceb4b7447d9840ca8c9936a13d58cf13,2026-04-14T18:02:27Z,0.3.0,AMZN,macd_pullback,v2,5m,HOLD,no_trade,251.76,,200000.0,False,flat,0,0,True,False,SELL
78ec7262f9af47bf9fc14154def687a1,2026-04-14T18:02:32Z,0.3.0,META,macd_pullback,v2,5m,HOLD,no_trade,665.88,,200000.0,False,flat,0,0,True,False,SELL
a9f4e0b1d5a045759f969850b972e988,2026-04-14T18:02:40Z,0.3.0,MSFT,macd_pullback,v2,5m,HOLD,no_trade,392.62,,200000.0,False,flat,0,0,True,False,SELL
0ecb73dfd2a24db28d00bcc794661f97,2026-04-14T18:02:46Z,0.3.0,NVDA,macd_pullback,v2,5m,HOLD,no_trade,194.835,,200000.0,False,flat,0,0,True,False,SELL
7502c43598a1476ab9abbf435815163d,2026-04-14T18:03:51Z,0.3.0,AAPL,macd_pullback,v2,5m,HOLD,no_trade,258.71,,200000.0,False,flat,0,0,True,False,SELL
6dbb22309f6b4df098b527d1061b04e6,2026-04-14T18:03:55Z,0.3.0,AMD,macd_pullback,v2,5m,HOLD,no_trade,253.65,,200000.0,False,flat,0,0,True,False,SELL
fad9cb15499d46609dc5692c2a93e387,2026-04-14T18:04:01Z,0.3.0,AMZN,macd_pullback,v2,5m,HOLD,no_trade,251.7,,200000.0,False,flat,0,0,True,False,SELL
68130e91f9c240d6a8a795dadd7a2e9b,2026-04-14T18:04:07Z,0.3.0,META,macd_pullback,v2,5m,HOLD,no_trade,665.145,,200000.0,False,flat,0,0,True,False,SELL
c2122222a435497fb350ae7b9915dc0e,2026-04-14T18:04:13Z,0.3.0,MSFT,macd_pullback,v2,5m,HOLD,no_trade,392.14,,200000.0,False,flat,0,0,True,False,SELL
2d2e0e39f51542fbb9b9a62a875bb980,2026-04-14T18:04:18Z,0.3.0,NVDA,macd_pullback,v2,5m,HOLD,no_trade,194.785,,200000.0,False,flat,0,0,True,False,SELL
9fcf98e1121a4db9908a7b43eef9acf2,2026-04-14T18:05:23Z,0.3.0,AAPL,macd_pullback,v2,5m,HOLD,no_trade,258.79,,200000.0,False,flat,0,0,True,False,SELL
cd31a70a992942a5a729a7e7c8bcf180,2026-04-14T18:05:27Z,0.3.0,AMD,macd_pullback,v2,5m,HOLD,no_trade,253.62,,200000.0,False,flat,0,0,True,False,SELL
942ef70650464441af54dedc020c58f6,2026-04-14T18:05:32Z,0.3.0,AMZN,macd_pullback,v2,5m,HOLD,no_trade,251.81,,200000.0,False,flat,0,0,True,False,SELL
dec6217734fe4cc1a32acad44f3117ca,2026-04-14T18:05:37Z,0.3.0,META,macd_pullback,v2,5m,HOLD,no_trade,665.335,,200000.0,False,flat,0,0,True,False,SELL
de1c638e9a1c4b509810e044b437ab3a,2026-04-14T18:05:43Z,0.3.0,MSFT,macd_pullback,v2,5m,HOLD,no_trade,391.79,,200000.0,False,flat,0,0,True,False,SELL
fea9f725e51c476393cdf0e9b1110991,2026-04-14T18:05:48Z,0.3.0,NVDA,macd_pullback,v2,5m,HOLD,no_trade,194.76,,200000.0,False,flat,0,0,True,False,SELL
79430c14022c4d6194abcd34e9a0ab4d,2026-04-14T18:06:56Z,0.3.0,AAPL,macd_pullback,v2,5m,HOLD,no_trade,258.81,,200000.0,False,flat,0,0,True,False,SELL
fc97b504fa074d5084d51bc19a24e12e,2026-04-14T18:07:03Z,0.3.0,AMD,macd_pullback,v2,5m,HOLD,no_trade,253.715,,200000.0,False,flat,0,0,True,False,SELL
7cc991b2dc064e4c8b6803b4506489fb,2026-04-14T18:07:09Z,0.3.0,AMZN,macd_pullback,v2,5m,HOLD,no_trade,251.96,,200000.0,False,flat,0,0,True,False,SELL
ce74bb5d4e244de4a22c7e5c3cdd0381,2026-04-14T18:07:14Z,0.3.0,META,macd_pullback,v2,5m,HOLD,no_trade,664.58,,200000.0,False,flat,0,0,True,False,SELL
57387d20d81c43018252e6c79128407b,2026-04-14T18:07:19Z,0.3.0,MSFT,macd_pullback,v2,5m,HOLD,no_trade,391.35,,200000.0,False,flat,0,0,True,False,SELL
2155b62bd59745998466789b2e34d8d0,2026-04-14T18:07:25Z,0.3.0,NVDA,macd_pullback,v2,5m,HOLD,no_trade,194.775,,200000.0,False,flat,0,0,True,False,SELL
b6fa55ebec544078a9b742c6e4fef8aa,2026-04-14T18:08:29Z,0.3.0,AAPL,macd_pullback,v2,5m,HOLD,no_trade,258.76,,200000.0,False,flat,0,0,True,False,SELL
4beab1cdf51d44d5b1a5eca69bb6fc31,2026-04-14T18:08:33Z,0.3.0,AMD,macd_pullback,v2,5m,HOLD,no_trade,253.715,,200000.0,False,flat,0,0,True,False,SELL
b3ae4ed0713241adbf873f5be2839df7,2026-04-14T18:08:37Z,0.3.0,AMZN,macd_pullback,v2,5m,HOLD,no_trade,251.96,,200000.0,False,flat,0,0,True,False,SELL
35d480fb25044f8b955679689e715c38,2026-04-14T18:08:43Z,0.3.0,META,macd_pullback,v2,5m,HOLD,no_trade,664.5,,200000.0,False,flat,0,0,True,False,SELL
b68439c7460440ee95c4e6d179d08700,2026-04-14T18:08:49Z,0.3.0,MSFT,macd_pullback,v2,5m,HOLD,no_trade,391.23,,200000.0,False,flat,0,0,True,False,SELL
a23b9236a50f47b9a7f1c1ca41359c52,2026-04-14T18:08:54Z,0.3.0,NVDA,macd_pullback,v2,5m,HOLD,no_trade,194.8,,200000.0,False,flat,0,0,True,False,SELL
6163096fc299458b8d75911048eef237,2026-04-14T18:09:59Z,0.3.0,AAPL,macd_pullback,v2,5m,HOLD,no_trade,258.77,,200000.0,False,flat,0,0,True,False,SELL
229515e94e644f44a442f105f5718330,2026-04-14T18:10:06Z,0.3.0,AMD,macd_pullback,v2,5m,HOLD,no_trade,253.75,,200000.0,False,flat,0,0,True,False,SELL
a793aa7d999b41e585753ab9433b39cb,2026-04-14T18:10:13Z,0.3.0,AMZN,macd_pullback,v2,5m,HOLD,no_trade,252.02,,200000.0,False,flat,0,0,True,False,SELL
1100e7148ef041c08201b3ad97c1ed77,2026-04-14T18:10:18Z,0.3.0,META,macd_pullback,v2,5m,HOLD,no_trade,663.54,,200000.0,False,flat,0,0,True,False,SELL
7acfd53dac5147f5a781ab7042fe70d2,2026-04-14T18:10:24Z,0.3.0,MSFT,macd_pullback,v2,5m,HOLD,no_trade,391.235,,200000.0,False,flat,0,0,True,False,SELL
a789ef98ec2549b094842502ae41871d,2026-04-14T18:10:30Z,0.3.0,NVDA,macd_pullback,v2,5m,HOLD,no_trade,194.845,,200000.0,False,flat,0,0,True,False,SELL
a75160d045f44af2a89039d589f97450,2026-04-14T18:11:38Z,0.3.0,AAPL,macd_pullback,v2,5m,HOLD,no_trade,258.815,,200000.0,False,flat,0,0,True,False,SELL
85d0301f5d674ce1bcbb2fb499a156ce,2026-04-14T18:11:46Z,0.3.0,AMD,macd_pullback,v2,5m,HOLD,no_trade,253.44,,200000.0,False,flat,0,0,True,False,SELL
6922fc05e6e64d5bbc6dbc812d9eaf6e,2026-04-14T18:11:50Z,0.3.0,AMZN,macd_pullback,v2,5m,HOLD,no_trade,251.73,,200000.0,False,flat,0,0,True,False,SELL
1f087c056855461b928fd1ca1f1cb834,2026-04-14T18:11:57Z,0.3.0,META,macd_pullback,v2,5m,HOLD,no_trade,663.28,,200000.0,False,flat,0,0,True,False,SELL
187629829b7f46ceb6599639216ecd3c,2026-04-14T18:12:02Z,0.3.0,MSFT,macd_pullback,v2,5m,HOLD,no_trade,391.23,,200000.0,False,flat,0,0,True,False,SELL
e49a23c21d234fb3bb53a3c3fb01bcd3,2026-04-14T18:12:08Z,0.3.0,NVDA,macd_pullback,v2,5m,HOLD,no_trade,194.805,,200000.0,False,flat,0,0,True,False,SELL
df7a16238a954ed9b32b17c9f1e5059d,2026-04-14T18:13:14Z,0.3.0,AAPL,macd_pullback,v2,5m,HOLD,no_trade,258.84,,200000.0,False,flat,0,0,True,False,SELL
17e70dcda90d4e4f9ec26b31246afc19,2026-04-14T18:13:20Z,0.3.0,AMD,macd_pullback,v2,5m,HOLD,no_trade,253.5,,200000.0,False,flat,0,0,True,False,SELL
52d62d3679654570830b4a246d386003,2026-04-14T18:13:26Z,0.3.0,AMZN,macd_pullback,v2,5m,HOLD,no_trade,251.02,,200000.0,False,flat,0,0,True,False,SELL
e6f938880b154f2faefaadafef1ed28a,2026-04-14T18:13:33Z,0.3.0,META,macd_pullback,v2,5m,HOLD,no_trade,662.78,,200000.0,False,flat,0,0,True,False,SELL
81afaf301f844ebeaf8825cd134dccf4,2026-04-14T18:13:38Z,0.3.0,MSFT,macd_pullback,v2,5m,HOLD,no_trade,391.2,,200000.0,False,flat,0,0,True,False,SELL
8c10a12d9a0e4901bbded48cc203ccd0,2026-04-14T18:13:43Z,0.3.0,NVDA,macd_pullback,v2,5m,HOLD,no_trade,194.855,,200000.0,False,flat,0,0,True,False,SELL
3ee785dce45248ebb330624cf2b1208c,2026-04-14T18:14:47Z,0.3.0,AAPL,macd_pullback,v2,5m,HOLD,no_trade,258.83,,200000.0,False,flat,0,0,True,False,SELL
799b3d56ab45486991fb3d1d11836d66,2026-04-14T18:14:53Z,0.3.0,AMD,macd_pullback,v2,5m,HOLD,no_trade,253.53,,200000.0,False,flat,0,0,True,False,SELL
63dbd822ef1d45328f884ffb48b4f662,2026-04-14T18:14:59Z,0.3.0,AMZN,macd_pullback,v2,5m,HOLD,no_trade,251.0,,200000.0,False,flat,0,0,True,False,SELL
d2ad0554c17b4c1ca9860b80eb5db09a,2026-04-14T18:15:07Z,0.3.0,META,macd_pullback,v2,5m,HOLD,no_trade,662.93,,200000.0,False,flat,0,0,True,False,SELL
5dc71f09f9a142b5a7f2c0cdfefd93a5,2026-04-14T18:15:13Z,0.3.0,MSFT,macd_pullback,v2,5m,HOLD,no_trade,391.15,,200000.0,False,flat,0,0,True,False,SELL
59db45f0102a47669d1da98d7f77d0c4,2026-04-14T18:15:20Z,0.3.0,NVDA,macd_pullback,v2,5m,HOLD,no_trade,194.865,,200000.0,False,flat,0,0,True,False,SELL
c318bfb618074b18a414bec7b4e9a93a,2026-04-14T18:16:27Z,0.3.0,AAPL,macd_pullback,v2,5m,HOLD,no_trade,258.75,,200000.0,False,flat,0,0,True,False,SELL
31851dcdced540c08275b0f2f18f0dca,2026-04-14T18:16:33Z,0.3.0,AMD,macd_pullback,v2,5m,HOLD,no_trade,253.37,,200000.0,False,flat,0,0,True,False,SELL
a0774de56b2f4e8fbc55546a1aa041aa,2026-04-14T18:16:41Z,0.3.0,AMZN,macd_pullback,v2,5m,HOLD,no_trade,250.74,,200000.0,False,flat,0,0,True,False,SELL
4516c116e35e4705a8656cdc46c86644,2026-04-14T18:16:47Z,0.3.0,META,macd_pullback,v2,5m,HOLD,no_trade,662.44,,200000.0,False,flat,0,0,True,False,SELL
666082698a12400fa1bfd9caa752f34c,2026-04-14T18:16:53Z,0.3.0,MSFT,macd_pullback,v2,5m,HOLD,no_trade,391.16,,200000.0,False,flat,0,0,True,False,SELL
896d50f3696247c2a0f4a96b2a8f0440,2026-04-14T18:16:58Z,0.3.0,NVDA,macd_pullback,v2,5m,HOLD,no_trade,194.785,,200000.0,False,flat,0,0,True,False,SELL
6fad2d52ba72498db2d0b95cbc67b201,2026-04-14T18:18:05Z,0.3.0,AAPL,macd_pullback,v2,5m,HOLD,no_trade,258.69,,200000.0,False,flat,0,0,True,False,SELL
85c4ca2cc1904470a3a881e98a130390,2026-04-14T18:18:10Z,0.3.0,AMD,macd_pullback,v2,5m,HOLD,no_trade,253.285,,200000.0,False,flat,0,0,True,False,SELL
1b6773630e46431b9043cda8f0a4e1e3,2026-04-14T18:18:16Z,0.3.0,AMZN,macd_pullback,v2,5m,HOLD,no_trade,250.53,,200000.0,False,flat,0,0,True,False,SELL
b3385f60610143f2a1cecc0664578d0a,2026-04-14T18:18:22Z,0.3.0,META,macd_pullback,v2,5m,HOLD,no_trade,662.41,,200000.0,False,flat,0,0,True,False,SELL
1364ed1309614d3581299751ad0e27fb,2026-04-14T18:18:28Z,0.3.0,MSFT,macd_pullback,v2,5m,HOLD,no_trade,391.035,,200000.0,False,flat,0,0,True,False,SELL
11caa96d23004757876ebf75234528fa,2026-04-14T18:18:34Z,0.3.0,NVDA,macd_pullback,v2,5m,HOLD,no_trade,194.705,,200000.0,False,flat,0,0,True,False,SELL
2185f644b87d4c6ca381ff4dc04bfdd8,2026-04-14T18:19:40Z,0.3.0,AAPL,macd_pullback,v2,5m,HOLD,no_trade,258.71,,200000.0,False,flat,0,0,True,False,SELL
15d97ad6b2484965bd122c961aa52f7b,2026-04-14T18:19:48Z,0.3.0,AMD,macd_pullback,v2,5m,HOLD,no_trade,253.19,,200000.0,False,flat,0,0,True,False,SELL
278f166f8dde4e839a28bebd58fcea9d,2026-04-14T18:19:52Z,0.3.0,AMZN,macd_pullback,v2,5m,HOLD,no_trade,250.575,,200000.0,False,flat,0,0,True,False,SELL
39d22c5967b14ac48a458132443cbdbe,2026-04-14T18:19:59Z,0.3.0,META,macd_pullback,v2,5m,HOLD,no_trade,662.39,,200000.0,False,flat,0,0,True,False,SELL
b3232e32cf5d48119c8e69e323041353,2026-04-14T18:20:06Z,0.3.0,MSFT,macd_pullback,v2,5m,HOLD,no_trade,391.01,,200000.0,False,flat,0,0,True,False,SELL
b5bc756ba0284477925c2776df2f18f0,2026-04-14T18:20:16Z,0.3.0,NVDA,macd_pullback,v2,5m,HOLD,no_trade,194.6,,200000.0,False,flat,0,0,True,False,SELL
3dd4bcb58435420f91f8c8c1a95ae7d8,2026-04-14T18:21:24Z,0.3.0,AAPL,macd_pullback,v2,5m,HOLD,no_trade,258.67,,200000.0,False,flat,0,0,True,False,SELL
23956cadfaa740539c43bfe80e9f89ca,2026-04-14T18:21:32Z,0.3.0,AMD,macd_pullback,v2,5m,HOLD,no_trade,253.115,,200000.0,False,flat,0,0,True,False,SELL
cc2725d3e61f4802ba8fc91b06abcdc6,2026-04-14T18:21:40Z,0.3.0,AMZN,macd_pullback,v2,5m,HOLD,no_trade,250.0,,200000.0,False,flat,0,0,True,False,SELL
f51ef99f21c7446b84d38ad167134194,2026-04-14T18:21:49Z,0.3.0,META,macd_pullback,v2,5m,HOLD,no_trade,661.395,,200000.0,False,flat,0,0,True,False,SELL
52ccf38168bb470194ef96e70b7f6738,2026-04-14T18:21:58Z,0.3.0,MSFT,macd_pullback,v2,5m,HOLD,no_trade,390.51,,200000.0,False,flat,0,0,True,False,SELL
a3bdc01d3b3f45ec9f7a68c40503a104,2026-04-14T18:22:05Z,0.3.0,NVDA,macd_pullback,v2,5m,HOLD,no_trade,194.61,,200000.0,False,flat,0,0,True,False,SELL
634f576b75be483bb6ce278214acdae4,2026-04-14T18:23:10Z,0.3.0,AAPL,macd_pullback,v2,5m,HOLD,no_trade,258.69,,200000.0,False,flat,0,0,True,False,SELL
6cd5cabff2924909a0ef5ff4506791c7,2026-04-14T18:23:16Z,0.3.0,AMD,macd_pullback,v2,5m,HOLD,no_trade,253.17,,200000.0,False,flat,0,0,True,False,SELL
3203537dce4b4ff6bf583a7c69d7c15f,2026-04-14T18:23:23Z,0.3.0,AMZN,macd_pullback,v2,5m,HOLD,no_trade,249.765,,200000.0,False,flat,0,0,True,False,SELL
659d6beb44df48b8b817586f43266c3a,2026-04-14T18:23:29Z,0.3.0,META,macd_pullback,v2,5m,HOLD,no_trade,661.36,,200000.0,False,flat,0,0,True,False,SELL
23e3c155628642c9b8baa7295b699426,2026-04-14T18:23:37Z,0.3.0,MSFT,macd_pullback,v2,5m,HOLD,no_trade,390.66,,200000.0,False,flat,0,0,True,False,SELL
e3cf576da30247928e22a684832d8fe1,2026-04-14T18:23:42Z,0.3.0,NVDA,macd_pullback,v2,5m,HOLD,no_trade,194.595,,200000.0,False,flat,0,0,True,False,SELL
7a351b8fab334d28af338b557a726def,2026-04-14T18:24:47Z,0.3.0,AAPL,macd_pullback,v2,5m,HOLD,no_trade,258.8,,200000.0,False,flat,0,0,True,False,SELL
5ab19bea7f784bc6bfedf9b85b214fa7,2026-04-14T18:24:51Z,0.3.0,AMD,macd_pullback,v2,5m,HOLD,no_trade,253.11,,200000.0,False,flat,0,0,True,False,SELL
672078f7cc3849948d62e3c2da7f7b78,2026-04-14T18:24:57Z,0.3.0,AMZN,macd_pullback,v2,5m,HOLD,no_trade,249.74,,200000.0,False,flat,0,0,True,False,SELL
531bf22ed81f4da09375f737c76f96d5,2026-04-14T18:25:07Z,0.3.0,META,macd_pullback,v2,5m,HOLD,no_trade,660.975,,200000.0,False,flat,0,0,True,False,SELL
cfcbf2f1e9b04ee9852277f3f4bac200,2026-04-14T18:25:15Z,0.3.0,MSFT,macd_pullback,v2,5m,HOLD,no_trade,390.51,,200000.0,False,flat,0,0,True,False,SELL
4665ab3982c4443aae334c4da446f826,2026-04-14T18:25:22Z,0.3.0,NVDA,macd_pullback,v2,5m,HOLD,no_trade,194.46,,200000.0,False,flat,0,0,True,False,SELL
8b14e263fc0d4256b800f03c8bb661ca,2026-04-14T18:26:29Z,0.3.0,AAPL,macd_pullback,v2,5m,HOLD,no_trade,258.89,,200000.0,False,flat,0,0,True,False,SELL
79d9ff8d510c4a25883107e4ebe5ba38,2026-04-14T18:26:37Z,0.3.0,AMD,macd_pullback,v2,5m,HOLD,no_trade,253.095,,200000.0,False,flat,0,0,True,False,SELL
1df541d7c3f04ee39bf2a43cb34252b9,2026-04-14T18:26:42Z,0.3.0,AMZN,macd_pullback,v2,5m,HOLD,no_trade,249.77,,200000.0,False,flat,0,0,True,False,SELL
546df17455d144f386e444e1297495a3,2026-04-14T18:26:47Z,0.3.0,META,macd_pullback,v2,5m,HOLD,no_trade,660.445,,200000.0,False,flat,0,0,True,False,SELL
29c425bd7fc24965b18ad84076919e58,2026-04-14T18:26:52Z,0.3.0,MSFT,macd_pullback,v2,5m,HOLD,no_trade,390.635,,200000.0,False,flat,0,0,True,False,SELL
2679b2866361476f8cc130687f374e9c,2026-04-14T18:26:57Z,0.3.0,NVDA,macd_pullback,v2,5m,HOLD,no_trade,194.54,,200000.0,False,flat,0,0,True,False,SELL
74a45d8c054b4047af1e24f4743adb72,2026-04-14T18:28:06Z,0.3.0,AAPL,macd_pullback,v2,5m,HOLD,no_trade,258.87,,200000.0,False,flat,0,0,True,False,SELL
e236e2836993478b87a7e51e809f0281,2026-04-14T18:28:11Z,0.3.0,AMD,macd_pullback,v2,5m,HOLD,no_trade,253.3,,200000.0,False,flat,0,0,True,False,SELL
954e692cada246789d78bce9f827bed9,2026-04-14T18:28:17Z,0.3.0,AMZN,macd_pullback,v2,5m,HOLD,no_trade,249.895,,200000.0,False,flat,0,0,True,False,SELL
b0ee64e0dc064f068bc50029272d5588,2026-04-14T18:28:22Z,0.3.0,META,macd_pullback,v2,5m,HOLD,no_trade,660.3,,200000.0,False,flat,0,0,True,False,SELL
6ff3d6589bf94c058e36d7edb47e1e52,2026-04-14T18:28:28Z,0.3.0,MSFT,macd_pullback,v2,5m,HOLD,no_trade,391.065,,200000.0,False,flat,0,0,True,False,SELL
f768472bee5e4504b9ce6445925f5e87,2026-04-14T18:28:34Z,0.3.0,NVDA,macd_pullback,v2,5m,HOLD,no_trade,194.665,,200000.0,False,flat,0,0,True,False,SELL
4de0fa7685d64a549d550ebc16cfcea8,2026-04-14T18:29:39Z,0.3.0,AAPL,macd_pullback,v2,5m,HOLD,no_trade,258.74,,200000.0,False,flat,0,0,True,False,SELL
13dca0765d7b419e9b33637921833aff,2026-04-14T18:29:46Z,0.3.0,AMD,macd_pullback,v2,5m,HOLD,no_trade,253.41,,200000.0,False,flat,0,0,True,False,SELL
aa5e0d17618843eea5640568aa531400,2026-04-14T18:29:51Z,0.3.0,AMZN,macd_pullback,v2,5m,HOLD,no_trade,249.72,,200000.0,False,flat,0,0,True,False,SELL
b36e9124da0d447189ca397c3581ff73,2026-04-14T18:29:55Z,0.3.0,META,macd_pullback,v2,5m,HOLD,no_trade,660.41,,200000.0,False,flat,0,0,True,False,SELL
c41d289e93684ea88432f54b7752f3cc,2026-04-14T18:30:01Z,0.3.0,MSFT,macd_pullback,v2,5m,HOLD,no_trade,391.085,,200000.0,False,flat,0,0,True,False,SELL
d13e1d56afef4cac9a4733b2a7f425af,2026-04-14T18:30:09Z,0.3.0,NVDA,macd_pullback,v2,5m,HOLD,no_trade,194.58,,200000.0,False,flat,0,0,True,False,SELL
d17d068e58e14218a72093d0bfd158a1,2026-04-14T18:31:17Z,0.3.0,AAPL,macd_pullback,v2,5m,HOLD,no_trade,258.77,,200000.0,False,flat,0,0,True,False,SELL
f287c482b9424f50a3c45b4ef2399c27,2026-04-14T18:31:22Z,0.3.0,AMD,macd_pullback,v2,5m,HOLD,no_trade,253.4,,200000.0,False,flat,0,0,True,False,SELL
67ff4b35335f4dd98b5f0cf5b6c832cf,2026-04-14T18:31:28Z,0.3.0,AMZN,macd_pullback,v2,5m,HOLD,no_trade,249.32,,200000.0,False,flat,0,0,True,False,SELL
d8023e1d6b2f4e9c9efce1ed44114125,2026-04-14T18:31:33Z,0.3.0,META,macd_pullback,v2,5m,HOLD,no_trade,660.505,,200000.0,False,flat,0,0,True,False,SELL
c18e45bc79d549a399ace4b3316f03f3,2026-04-14T18:31:39Z,0.3.0,MSFT,macd_pullback,v2,5m,HOLD,no_trade,391.63,,200000.0,False,flat,0,0,True,False,SELL
adbca0b28a42460cb89a4c198ced38e2,2026-04-14T18:31:45Z,0.3.0,NVDA,macd_pullback,v2,5m,HOLD,no_trade,194.625,,200000.0,False,flat,0,0,True,False,SELL
ccb44c4004bc458699a7feddc6a1d135,2026-04-14T18:32:50Z,0.3.0,AAPL,macd_pullback,v2,5m,HOLD,no_trade,258.69,,200000.0,False,flat,0,0,True,False,SELL
aa2ef074a4d64db6958897748960030f,2026-04-14T18:32:56Z,0.3.0,AMD,macd_pullback,v2,5m,HOLD,no_trade,253.55,,200000.0,False,flat,0,0,True,False,SELL
c6e577f3e0734fa78ddc44223fdcb282,2026-04-14T18:33:02Z,0.3.0,AMZN,macd_pullback,v2,5m,HOLD,no_trade,249.37,,200000.0,False,flat,0,0,True,False,SELL
b694d2cd5c334ed1b8d8d0c06d89baae,2026-04-14T18:33:09Z,0.3.0,META,macd_pullback,v2,5m,HOLD,no_trade,660.68,,200000.0,False,flat,0,0,True,False,SELL
bca035e611ba4774b36df3e34056094b,2026-04-14T18:33:15Z,0.3.0,MSFT,macd_pullback,v2,5m,HOLD,no_trade,391.78,,200000.0,False,flat,0,0,True,False,SELL
a19d552dea8b4790b00b574bbae9a38d,2026-04-14T18:33:20Z,0.3.0,NVDA,macd_pullback,v2,5m,HOLD,no_trade,194.715,,200000.0,False,flat,0,0,True,False,SELL
5183ff7a4bdd4c97bb5789ccb43315d3,2026-04-14T18:34:25Z,0.3.0,AAPL,macd_pullback,v2,5m,HOLD,no_trade,258.58,,200000.0,False,flat,0,0,True,False,SELL
28d3b67135174f3abc2d3f31c73ca425,2026-04-14T18:34:31Z,0.3.0,AMD,macd_pullback,v2,5m,HOLD,no_trade,253.75,,200000.0,False,flat,0,0,True,False,SELL
a077b386ba7942bf9e3933269a64b4e8,2026-04-14T18:34:38Z,0.3.0,AMZN,macd_pullback,v2,5m,HOLD,no_trade,249.31,,200000.0,False,flat,0,0,True,False,SELL
6dfa99ba07d4493d9d9c15e1f5946d9c,2026-04-14T18:34:43Z,0.3.0,META,macd_pullback,v2,5m,HOLD,no_trade,660.72,,200000.0,False,flat,0,0,True,False,SELL
5767a0b50c48471988535affd72aae03,2026-04-14T18:34:48Z,0.3.0,MSFT,macd_pullback,v2,5m,HOLD,no_trade,391.91,,200000.0,False,flat,0,0,True,False,SELL
3817a781e55649ce9b221158a3dd7422,2026-04-14T18:34:52Z,0.3.0,NVDA,macd_pullback,v2,5m,HOLD,no_trade,194.69,,200000.0,False,flat,0,0,True,False,SELL
b7578a3148974281b08a8106fb418b25,2026-04-14T18:35:58Z,0.3.0,AAPL,macd_pullback,v2,5m,HOLD,no_trade,258.52,,200000.0,False,flat,0,0,True,False,SELL
080509b8ab75454ea7bbdeb44a85fc45,2026-04-14T18:36:06Z,0.3.0,AMD,macd_pullback,v2,5m,HOLD,no_trade,253.54,,200000.0,False,flat,0,0,True,False,SELL
282ed51250dc4785871a0ba5b10eac30,2026-04-14T18:36:13Z,0.3.0,AMZN,macd_pullback,v2,5m,HOLD,no_trade,249.455,,200000.0,False,flat,0,0,True,False,SELL
319af0a43f8b4a69ab4f19f16d07c6d0,2026-04-14T18:36:19Z,0.3.0,META,macd_pullback,v2,5m,HOLD,no_trade,660.955,,200000.0,False,flat,0,0,True,False,SELL
d86c2644dfb041f180a26af397346c11,2026-04-14T18:36:26Z,0.3.0,MSFT,macd_pullback,v2,5m,HOLD,no_trade,392.17,,200000.0,False,flat,0,0,True,False,SELL
37530ee18604494fa26f67bef44f1747,2026-04-14T18:36:32Z,0.3.0,NVDA,macd_pullback,v2,5m,HOLD,no_trade,194.705,,200000.0,False,flat,0,0,True,False,SELL
60101e694cb34bd69e07b1e78492fbf8,2026-04-14T18:37:37Z,0.3.0,AAPL,macd_pullback,v2,5m,HOLD,no_trade,258.42,,200000.0,False,flat,0,0,True,False,SELL
7786867e14f24494ab6a1ef9393011b5,2026-04-14T18:37:43Z,0.3.0,AMD,macd_pullback,v2,5m,HOLD,no_trade,253.56,,200000.0,False,flat,0,0,True,False,SELL
7f5601d16fdf4dbcb71bcedac0147657,2026-04-14T18:37:47Z,0.3.0,AMZN,macd_pullback,v2,5m,HOLD,no_trade,249.52,,200000.0,False,flat,0,0,True,False,SELL
acc59c27b1664e25b013fe6ba541cf05,2026-04-14T18:37:51Z,0.3.0,META,macd_pullback,v2,5m,HOLD,no_trade,661.045,,200000.0,False,flat,0,0,True,False,SELL
b62c11cdb7c34e208a1bf9ca02c09db5,2026-04-14T18:37:57Z,0.3.0,MSFT,macd_pullback,v2,5m,HOLD,no_trade,392.2,,200000.0,False,flat,0,0,True,False,SELL
d288193c64a947b698922ab74c4a4477,2026-04-14T18:38:05Z,0.3.0,NVDA,macd_pullback,v2,5m,HOLD,no_trade,194.73,,200000.0,False,flat,0,0,True,False,SELL
634ba544b9044ba5a8b7b8a9f096f4e7,2026-04-14T18:39:12Z,0.3.0,AAPL,macd_pullback,v2,5m,HOLD,no_trade,258.47,,200000.0,False,flat,0,0,True,False,SELL
28cb0b5486b145e390b3aa80ad6623d1,2026-04-14T18:39:17Z,0.3.0,AMD,macd_pullback,v2,5m,HOLD,no_trade,253.63,,200000.0,False,flat,0,0,True,False,SELL
2e19a31233a144f592cd0e2d03edcf32,2026-04-14T18:39:22Z,0.3.0,AMZN,macd_pullback,v2,5m,HOLD,no_trade,249.345,,200000.0,False,flat,0,0,True,False,SELL
3a7a5e4730a0445797616bfa401a7348,2026-04-14T18:39:27Z,0.3.0,META,macd_pullback,v2,5m,HOLD,no_trade,661.14,,200000.0,False,flat,0,0,True,False,SELL
7b372be2e1b2411cae2732f600ee98d8,2026-04-14T18:39:32Z,0.3.0,MSFT,macd_pullback,v2,5m,HOLD,no_trade,391.93,,200000.0,False,flat,0,0,True,False,SELL
0700b12a5fa3481398af69ef1ddedc82,2026-04-14T18:39:37Z,0.3.0,NVDA,macd_pullback,v2,5m,HOLD,no_trade,194.83,,200000.0,False,flat,0,0,True,False,SELL
4b79f7c32c1a4939b439a004e3279f4a,2026-04-14T18:40:42Z,0.3.0,AAPL,macd_pullback,v2,5m,HOLD,no_trade,258.4,,200000.0,False,flat,0,0,True,False,SELL
0cb047ce2e5f410986857a915bb60407,2026-04-14T18:40:47Z,0.3.0,AMD,macd_pullback,v2,5m,HOLD,no_trade,253.595,,200000.0,False,flat,0,0,True,False,SELL
87fec3dcaebb41d5b37d55d09802510e,2026-04-14T18:40:51Z,0.3.0,AMZN,macd_pullback,v2,5m,HOLD,no_trade,249.435,,200000.0,False,flat,0,0,True,False,SELL
0f0920c201a54bf388fc4929d7f26ea4,2026-04-14T18:40:56Z,0.3.0,META,macd_pullback,v2,5m,HOLD,no_trade,661.4,,200000.0,False,flat,0,0,True,False,SELL
a851f85f16f94f9097023024b8426345,2026-04-14T18:41:02Z,0.3.0,MSFT,macd_pullback,v2,5m,HOLD,no_trade,392.0,,200000.0,False,flat,0,0,True,False,SELL
ed6e091010284460b1bd8afdcebea6ad,2026-04-14T18:41:08Z,0.3.0,NVDA,macd_pullback,v2,5m,HOLD,no_trade,194.94,,200000.0,False,flat,0,0,True,False,SELL
c881997c59e240ab977db7d38d44276c,2026-04-14T18:42:15Z,0.3.0,AAPL,macd_pullback,v2,5m,HOLD,no_trade,258.41,,200000.0,False,flat,0,0,True,False,SELL
174f3aa1fae04b44b7ba3385be705cdb,2026-04-14T18:42:20Z,0.3.0,AMD,macd_pullback,v2,5m,HOLD,no_trade,253.66,,200000.0,False,flat,0,0,True,False,SELL
b04646130cd645e4bb0155e43ceed973,2026-04-14T18:42:27Z,0.3.0,AMZN,macd_pullback,v2,5m,HOLD,no_trade,249.245,,200000.0,False,flat,0,0,True,False,SELL
1f2ecd8402794d7a937cab92fb555f6b,2026-04-14T18:42:33Z,0.3.0,META,macd_pullback,v2,5m,HOLD,no_trade,660.965,,200000.0,False,flat,0,0,True,False,SELL
a486a2ebfacc4ef480eca58c512c7586,2026-04-14T18:42:38Z,0.3.0,MSFT,macd_pullback,v2,5m,HOLD,no_trade,391.7,,200000.0,False,flat,0,0,True,False,SELL
ef87321d6dc14eea841400457a7902ac,2026-04-14T18:42:45Z,0.3.0,NVDA,macd_pullback,v2,5m,HOLD,no_trade,194.885,,200000.0,False,flat,0,0,True,False,SELL
85fa823d27f24a06be03a54a17f570c9,2026-04-14T18:43:50Z,0.3.0,AAPL,macd_pullback,v2,5m,HOLD,no_trade,258.2,,200000.0,False,flat,0,0,True,False,SELL
6929f580176a4a9ea7848f7362319fcb,2026-04-14T18:43:55Z,0.3.0,AMD,macd_pullback,v2,5m,HOLD,no_trade,253.42,,200000.0,False,flat,0,0,True,False,SELL
9ef6632dae9d46e4b76f29efefae1cd4,2026-04-14T18:44:01Z,0.3.0,AMZN,macd_pullback,v2,5m,HOLD,no_trade,249.145,,200000.0,False,flat,0,0,True,False,SELL
88f8e13ff7ed40b79922183db911d5ce,2026-04-14T18:44:08Z,0.3.0,META,macd_pullback,v2,5m,HOLD,no_trade,660.96,,200000.0,False,flat,0,0,True,False,SELL
dad30b0d60974b25b24017019cb45ea4,2026-04-14T18:44:14Z,0.3.0,MSFT,macd_pullback,v2,5m,HOLD,no_trade,391.54,,200000.0,False,flat,0,0,True,False,SELL
4dc52eb66a3c44daa9d5829a1bd75c8c,2026-04-14T18:44:20Z,0.3.0,NVDA,macd_pullback,v2,5m,HOLD,no_trade,194.755,,200000.0,False,flat,0,0,True,False,SELL
8960bdc0e28f46cc97f90107a612e5d4,2026-04-14T18:45:27Z,0.3.0,AAPL,macd_pullback,v2,5m,HOLD,no_trade,258.14,,200000.0,False,flat,0,0,True,False,SELL
0f35e9d1337c446585992187ae378a13,2026-04-14T18:45:33Z,0.3.0,AMD,macd_pullback,v2,5m,HOLD,no_trade,253.34,,200000.0,False,flat,0,0,True,False,SELL
90effcc9562a4adab36c9cb59982b69d,2026-04-14T18:45:39Z,0.3.0,AMZN,macd_pullback,v2,5m,HOLD,no_trade,248.9,,200000.0,False,flat,0,0,True,False,SELL
f4314c173c594881a1863b60ee06b0e1,2026-04-14T18:45:45Z,0.3.0,META,macd_pullback,v2,5m,HOLD,no_trade,660.99,,200000.0,False,flat,0,0,True,False,SELL
c064d8d7a6b14fa0999504ebf9281e5a,2026-04-14T18:45:50Z,0.3.0,MSFT,macd_pullback,v2,5m,HOLD,no_trade,391.495,,200000.0,False,flat,0,0,True,False,SELL
5750c7abaa6f488a8c9b3152c291fa3c,2026-04-14T18:45:56Z,0.3.0,NVDA,macd_pullback,v2,5m,HOLD,no_trade,194.7,,200000.0,False,flat,0,0,True,False,SELL
e0a35d69dbfd47d3aab5250e40673467,2026-04-14T18:47:04Z,0.3.0,AAPL,macd_pullback,v2,5m,HOLD,no_trade,258.245,,200000.0,False,flat,0,0,True,False,SELL
de5d3f65920f4b59854b46ab49f65ad0,2026-04-14T18:47:14Z,0.3.0,AMD,macd_pullback,v2,5m,HOLD,no_trade,253.5,,200000.0,False,flat,0,0,True,False,SELL
31c2237d5bf74bf9a4294719337ca0d3,2026-04-14T18:47:19Z,0.3.0,AMZN,macd_pullback,v2,5m,HOLD,no_trade,248.78,,200000.0,False,flat,0,0,True,False,SELL
448fa4476c294f8ca501fa8ac15ab8a8,2026-04-14T18:47:24Z,0.3.0,META,macd_pullback,v2,5m,HOLD,no_trade,660.975,,200000.0,False,flat,0,0,True,False,SELL
3542d7064a7341de90f1499d55721ee8,2026-04-14T18:47:31Z,0.3.0,MSFT,macd_pullback,v2,5m,HOLD,no_trade,391.35,,200000.0,False,flat,0,0,True,False,SELL
002ff73ac78248fa8e5e10c5fa1477dc,2026-04-14T18:47:36Z,0.3.0,NVDA,macd_pullback,v2,5m,HOLD,no_trade,194.72,,200000.0,False,flat,0,0,True,False,SELL
13d3f14ede374f8299734600b9181ade,2026-04-14T18:48:42Z,0.3.0,AAPL,macd_pullback,v2,5m,HOLD,no_trade,258.18,,200000.0,False,flat,0,0,True,False,SELL
a74585ba298341f883104bb53cb1d4bd,2026-04-14T18:48:47Z,0.3.0,AMD,macd_pullback,v2,5m,HOLD,no_trade,253.545,,200000.0,False,flat,0,0,True,False,SELL
d11f8c7bdd6845f3a476cba6bcaad607,2026-04-14T18:48:51Z,0.3.0,AMZN,macd_pullback,v2,5m,HOLD,no_trade,248.76,,200000.0,False,flat,0,0,True,False,SELL
cf2d8ae4bc684111a4bd26878f3c7d1f,2026-04-14T18:48:57Z,0.3.0,META,macd_pullback,v2,5m,HOLD,no_trade,660.91,,200000.0,False,flat,0,0,True,False,SELL
dff7b2491f5f4d5fbc24443db00a8d50,2026-04-14T18:49:04Z,0.3.0,MSFT,macd_pullback,v2,5m,HOLD,no_trade,391.28,,200000.0,False,flat,0,0,True,False,SELL
6d16e887e94f45d7a10c0931170d85da,2026-04-14T18:49:12Z,0.3.0,NVDA,macd_pullback,v2,5m,HOLD,no_trade,194.695,,200000.0,False,flat,0,0,True,False,SELL
f6fcefa4ac3e4ac596114c00cf072a2b,2026-04-14T18:50:20Z,0.3.0,AAPL,macd_pullback,v2,5m,HOLD,no_trade,258.055,,200000.0,False,flat,0,0,True,False,SELL
4bdc179e9e5e47568315a8c30cc4ad5b,2026-04-14T18:50:26Z,0.3.0,AMD,macd_pullback,v2,5m,HOLD,no_trade,253.51,,200000.0,False,flat,0,0,True,False,SELL
deddb6fb67d543b6815f72b69592664c,2026-04-14T18:50:32Z,0.3.0,AMZN,macd_pullback,v2,5m,HOLD,no_trade,248.66,,200000.0,False,flat,0,0,True,False,SELL
bea971ed152341b8beebe61145a93bab,2026-04-14T18:50:39Z,0.3.0,META,macd_pullback,v2,5m,HOLD,no_trade,660.39,,200000.0,False,flat,0,0,True,False,SELL
58114ada673d41cfb02ca3f4518f965c,2026-04-14T18:50:48Z,0.3.0,MSFT,macd_pullback,v2,5m,HOLD,no_trade,391.205,,200000.0,False,flat,0,0,True,False,SELL
3e6708e80d9344e4806562dbebbb5a12,2026-04-14T18:50:56Z,0.3.0,NVDA,macd_pullback,v2,5m,HOLD,no_trade,194.74,,200000.0,False,flat,0,0,True,False,SELL
cbf94faf54254891a9f9b51c86167772,2026-04-14T18:52:04Z,0.3.0,AAPL,macd_pullback,v2,5m,HOLD,no_trade,258.01,,200000.0,False,flat,0,0,True,False,SELL
b411433eed4443daa30da4b08981f70a,2026-04-14T18:52:11Z,0.3.0,AMD,macd_pullback,v2,5m,HOLD,no_trade,253.86,,200000.0,False,flat,0,0,True,False,SELL
d5e842eceff645daa4c2f55c4aa4d4ea,2026-04-14T18:52:17Z,0.3.0,AMZN,macd_pullback,v2,5m,HOLD,no_trade,248.77,,200000.0,False,flat,0,0,True,False,SELL
86fe9f24d331430d9e132f6624378ada,2026-04-14T18:52:22Z,0.3.0,META,macd_pullback,v2,5m,HOLD,no_trade,660.55,,200000.0,False,flat,0,0,True,False,SELL
21a54793d9af41ceb63fb1ce4c98c2b6,2026-04-14T18:52:28Z,0.3.0,MSFT,macd_pullback,v2,5m,HOLD,no_trade,391.12,,200000.0,False,flat,0,0,True,False,SELL
6b0a85f799074065ac257a5368a44277,2026-04-14T18:52:35Z,0.3.0,NVDA,macd_pullback,v2,5m,HOLD,no_trade,194.775,,200000.0,False,flat,0,0,True,False,SELL
9919a685ef804ee7a279d0c0e345197a,2026-04-14T18:53:39Z,0.3.0,AAPL,macd_pullback,v2,5m,HOLD,no_trade,258.14,,200000.0,False,flat,0,0,True,False,SELL
8d3337d29f174f3c817f16e49f9402a7,2026-04-14T18:53:44Z,0.3.0,AMD,macd_pullback,v2,5m,HOLD,no_trade,254.1,,200000.0,False,flat,0,0,True,False,SELL
7b798c5273b94e3aaae9363d53f0f3ff,2026-04-14T18:53:50Z,0.3.0,AMZN,macd_pullback,v2,5m,HOLD,no_trade,248.925,,200000.0,False,flat,0,0,True,False,SELL
2a87be66953f465d89f78bc5097386ae,2026-04-14T18:53:56Z,0.3.0,META,macd_pullback,v2,5m,HOLD,no_trade,660.635,,200000.0,False,flat,0,0,True,False,SELL
bb8e930c570e4ffd89f8ad0753155072,2026-04-14T18:54:02Z,0.3.0,MSFT,macd_pullback,v2,5m,HOLD,no_trade,391.01,,200000.0,False,flat,0,0,True,False,SELL
0fa0088a9f7b4bdbb21ef38f51588e74,2026-04-14T18:54:10Z,0.3.0,NVDA,macd_pullback,v2,5m,HOLD,no_trade,194.82,,200000.0,False,flat,0,0,True,False,SELL
aaef4243d8e4498e98af40a60b9b9a4b,2026-04-14T18:55:16Z,0.3.0,AAPL,macd_pullback,v2,5m,HOLD,no_trade,258.09,,200000.0,False,flat,0,0,True,False,SELL
fa0b6c0f366641c59c8665bd2e2505b2,2026-04-14T18:55:21Z,0.3.0,AMD,macd_pullback,v2,5m,HOLD,no_trade,254.07,,200000.0,False,flat,0,0,True,False,SELL
10c809fa5ef94f599405e48ceb05f2e9,2026-04-14T18:55:22Z,0.3.0,AMZN,macd_pullback,v2,5m,HOLD,no_trade,248.82,,200000.0,False,flat,0,0,True,False,SELL
fec8e50d03214984b875399cad1e4271,2026-04-14T18:55:23Z,0.3.0,META,macd_pullback,v2,5m,HOLD,no_trade,660.575,,200000.0,False,flat,0,0,True,False,SELL
00469bd567034cf1a3c1a9c53e016d43,2026-04-14T18:55:24Z,0.3.0,MSFT,macd_pullback,v2,5m,HOLD,no_trade,391.14,,200000.0,False,flat,0,0,True,False,SELL
73efa868961944b581dc4e2b188adc63,2026-04-14T18:55:25Z,0.3.0,NVDA,macd_pullback,v2,5m,HOLD,no_trade,194.785,,200000.0,False,flat,0,0,True,False,SELL
d3a9f62700404a169aff6534e05e92c7,2026-04-14T18:56:26Z,0.3.0,AAPL,macd_pullback,v2,5m,HOLD,no_trade,258.08,,200000.0,False,flat,0,0,True,False,SELL
ad190c66501747a595617becd417a047,2026-04-14T18:56:27Z,0.3.0,AMD,macd_pullback,v2,5m,HOLD,no_trade,254.075,,200000.0,False,flat,0,0,True,False,SELL
8e9d12f010534f7eac709d6908d1adda,2026-04-14T18:56:28Z,0.3.0,AMZN,macd_pullback,v2,5m,HOLD,no_trade,248.88,,200000.0,False,flat,0,0,True,False,SELL
4e9a3396a1b740828a53b3958fe708e7,2026-04-14T18:56:30Z,0.3.0,META,macd_pullback,v2,5m,HOLD,no_trade,660.66,,200000.0,False,flat,0,0,True,False,SELL
a13a409345e44b448d7f6537cc46b024,2026-04-14T18:56:31Z,0.3.0,MSFT,macd_pullback,v2,5m,HOLD,no_trade,391.22,,200000.0,False,flat,0,0,True,False,SELL
90834ff60b2d413585c2bb8ea4ed208f,2026-04-14T18:56:32Z,0.3.0,NVDA,macd_pullback,v2,5m,HOLD,no_trade,194.78,,200000.0,False,flat,0,0,True,False,SELL
ccef710432514a4780ad618004a184bb,2026-04-14T18:57:33Z,0.3.0,AAPL,macd_pullback,v2,5m,HOLD,no_trade,258.095,,200000.0,False,flat,0,0,True,False,SELL
86fcf1b20bfe4f09b18c7114540f1778,2026-04-14T18:57:35Z,0.3.0,AMD,macd_pullback,v2,5m,HOLD,no_trade,254.15,,200000.0,False,flat,0,0,True,False,SELL
38c236421b0f41ffa8937c56a8f75b6b,2026-04-14T18:57:36Z,0.3.0,AMZN,macd_pullback,v2,5m,HOLD,no_trade,248.83,,200000.0,False,flat,0,0,True,False,SELL
6d64867cb1874741949ad451925787b4,2026-04-14T18:57:37Z,0.3.0,META,macd_pullback,v2,5m,HOLD,no_trade,660.775,,200000.0,False,flat,0,0,True,False,SELL
bfb3b849a94a49629ad51846d0a2ec8b,2026-04-14T18:57:38Z,0.3.0,MSFT,macd_pullback,v2,5m,HOLD,no_trade,391.16,,200000.0,False,flat,0,0,True,False,SELL
b74e5f5a827c4c36bf93d0ffacaeaf88,2026-04-14T18:57:40Z,0.3.0,NVDA,macd_pullback,v2,5m,HOLD,no_trade,194.8,,200000.0,False,flat,0,0,True,False,SELL
af30240a628643f48c4d7fd0a645cb81,2026-04-14T18:58:41Z,0.3.0,AAPL,macd_pullback,v2,5m,HOLD,no_trade,257.99,,200000.0,False,flat,0,0,True,False,SELL
90060aa8f8594ea09f328391f1208339,2026-04-14T18:58:42Z,0.3.0,AMD,macd_pullback,v2,5m,HOLD,no_trade,254.17,,200000.0,False,flat,0,0,True,False,SELL
af47db316eea4cecb2b80ab6b3c0f899,2026-04-14T18:58:43Z,0.3.0,AMZN,macd_pullback,v2,5m,HOLD,no_trade,248.79,,200000.0,False,flat,0,0,True,False,SELL
3ed67bb580e64aed90a2d2354d593f8d,2026-04-14T18:58:44Z,0.3.0,META,macd_pullback,v2,5m,HOLD,no_trade,660.91,,200000.0,False,flat,0,0,True,False,SELL
749ef27bdfc24f1f85e84ce6d327f87d,2026-04-14T18:58:45Z,0.3.0,MSFT,macd_pullback,v2,5m,HOLD,no_trade,391.255,,200000.0,False,flat,0,0,True,False,SELL
3c8edf4ca3e944a08cab4572752018a0,2026-04-14T18:58:46Z,0.3.0,NVDA,macd_pullback,v2,5m,HOLD,no_trade,194.86,,200000.0,False,flat,0,0,True,False,SELL
5072928cbf6a42efbf1610035c4cecb5,2026-04-14T18:59:48Z,0.3.0,AAPL,macd_pullback,v2,5m,HOLD,no_trade,257.965,,200000.0,False,flat,0,0,True,False,SELL
4801745539bf457ca47639c17d2a197a,2026-04-14T18:59:49Z,0.3.0,AMD,macd_pullback,v2,5m,HOLD,no_trade,254.06,,200000.0,False,flat,0,0,True,False,SELL
993a562d28654b32aa9a91c06af07a91,2026-04-14T18:59:50Z,0.3.0,AMZN,macd_pullback,v2,5m,HOLD,no_trade,248.68,,200000.0,False,flat,0,0,True,False,SELL
4d38aef43fed4fffac4c55133482931f,2026-04-14T18:59:53Z,0.3.0,META,macd_pullback,v2,5m,HOLD,no_trade,660.76,,200000.0,False,flat,0,0,True,False,SELL
7ca208259298423d8da0f5fd3038f280,2026-04-14T18:59:54Z,0.3.0,MSFT,macd_pullback,v2,5m,HOLD,no_trade,391.2,,200000.0,False,flat,0,0,True,False,SELL
89bdf7a6c8d743048c58570d7b6ba11b,2026-04-14T18:59:55Z,0.3.0,NVDA,macd_pullback,v2,5m,HOLD,no_trade,194.865,,200000.0,False,flat,0,0,True,False,SELL
4d61fe66092c47cda2d7f04a8fdbb096,2026-04-14T19:00:56Z,0.3.0,AAPL,macd_pullback,v2,5m,HOLD,no_trade,258.015,,200000.0,False,flat,0,0,True,False,SELL
2fee036dd99f4fd1861cf78d9de3f218,2026-04-14T19:00:57Z,0.3.0,AMD,macd_pullback,v2,5m,HOLD,no_trade,254.15,,200000.0,False,flat,0,0,True,False,SELL
8d94cc1895fb475ba83b42d099c0e999,2026-04-14T19:00:58Z,0.3.0,AMZN,macd_pullback,v2,5m,HOLD,no_trade,248.835,,200000.0,False,flat,0,0,True,False,SELL
863ccdc4e02545c1b125cdc07fc26cc4,2026-04-14T19:00:59Z,0.3.0,META,macd_pullback,v2,5m,HOLD,no_trade,660.655,,200000.0,False,flat,0,0,True,False,SELL
bca8c14321e843ae82b888fd6424d353,2026-04-14T19:01:00Z,0.3.0,MSFT,macd_pullback,v2,5m,HOLD,no_trade,391.2,,200000.0,False,flat,0,0,True,False,SELL
401d6db5ce294c7d8b498e7531a99c34,2026-04-14T19:01:02Z,0.3.0,NVDA,macd_pullback,v2,5m,HOLD,no_trade,194.985,,200000.0,False,flat,0,0,True,False,SELL
21480dd2c107438ca5fe401c40753e64,2026-04-14T19:02:03Z,0.3.0,AAPL,macd_pullback,v2,5m,HOLD,no_trade,257.98,,200000.0,False,flat,0,0,True,False,SELL
edd64fba8e464c23a3455e73ab733201,2026-04-14T19:02:04Z,0.3.0,AMD,macd_pullback,v2,5m,HOLD,no_trade,254.07,,200000.0,False,flat,0,0,True,False,SELL
7d04c97857904ae39a120c9b8b519315,2026-04-14T19:02:06Z,0.3.0,AMZN,macd_pullback,v2,5m,HOLD,no_trade,248.83,,200000.0,False,flat,0,0,True,False,SELL
2af4f1731d0e46ad85a27a4d71b060f6,2026-04-14T19:02:07Z,0.3.0,META,macd_pullback,v2,5m,HOLD,no_trade,661.35,,200000.0,False,flat,0,0,True,False,SELL
0e3ae58a14c84c179ca6ac214fff3724,2026-04-14T19:02:08Z,0.3.0,MSFT,macd_pullback,v2,5m,HOLD,no_trade,391.45,,200000.0,False,flat,0,0,True,False,SELL
6772563f33374696b0259e0fb9af5048,2026-04-14T19:02:13Z,0.3.0,NVDA,macd_pullback,v2,5m,HOLD,no_trade,194.985,,200000.0,False,flat,0,0,True,False,SELL
8c11375ccddb4afc8018e99ae82411ef,2026-04-14T19:03:14Z,0.3.0,AAPL,macd_pullback,v2,5m,HOLD,no_trade,257.815,,200000.0,False,flat,0,0,True,False,SELL
d01787f204c2419687b2a88674aec796,2026-04-14T19:03:15Z,0.3.0,AMD,macd_pullback,v2,5m,HOLD,no_trade,254.06,,200000.0,False,flat,0,0,True,False,SELL
8b528e2e3586443aa6a2ffc339bd89dc,2026-04-14T19:03:16Z,0.3.0,AMZN,macd_pullback,v2,5m,HOLD,no_trade,248.71,,200000.0,False,flat,0,0,True,False,SELL
39b1c9c31f64432aa2989a31eae0cb83,2026-04-14T19:03:17Z,0.3.0,META,macd_pullback,v2,5m,HOLD,no_trade,661.37,,200000.0,False,flat,0,0,True,False,SELL
9d958e0fd6a5469e8364ac98b87adcbf,2026-04-14T19:03:18Z,0.3.0,MSFT,macd_pullback,v2,5m,HOLD,no_trade,391.47,,200000.0,False,flat,0,0,True,False,SELL
b5c3b3389b234efbb7724612e99d1d6d,2026-04-14T19:03:19Z,0.3.0,NVDA,macd_pullback,v2,5m,HOLD,no_trade,194.985,,200000.0,False,flat,0,0,True,False,SELL
73f1ff9fa22a4cca8570b6f4f186d09e,2026-04-14T19:04:21Z,0.3.0,AAPL,macd_pullback,v2,5m,HOLD,no_trade,257.845,,200000.0,False,flat,0,0,True,False,SELL
dd3e32d72d784fb782faa9eca98edd26,2026-04-14T19:04:22Z,0.3.0,AMD,macd_pullback,v2,5m,HOLD,no_trade,254.175,,200000.0,False,flat,0,0,True,False,SELL
71f9e54f185e4958ae63cec3384790ec,2026-04-14T19:04:23Z,0.3.0,AMZN,macd_pullback,v2,5m,HOLD,no_trade,248.6,,200000.0,False,flat,0,0,True,False,SELL
dc842f68298d4e44bb13113a34654a8e,2026-04-14T19:04:25Z,0.3.0,META,macd_pullback,v2,5m,HOLD,no_trade,661.58,,200000.0,False,flat,0,0,True,False,SELL
cde18e82597549feb401c06cd5341f73,2026-04-14T19:04:26Z,0.3.0,MSFT,macd_pullback,v2,5m,HOLD,no_trade,391.53,,200000.0,False,flat,0,0,True,False,SELL
269a2b8ef53747f89dd5e6a6e2428a6e,2026-04-14T19:04:27Z,0.3.0,NVDA,macd_pullback,v2,5m,HOLD,no_trade,195.325,,200000.0,False,flat,0,0,True,False,SELL
734e6489bbec437d83100b5b35a588fb,2026-04-14T19:05:28Z,0.3.0,AAPL,macd_pullback,v2,5m,HOLD,no_trade,257.865,,200000.0,False,flat,0,0,True,False,SELL
9fc22363c26b4fe8a341147545581c0d,2026-04-14T19:05:30Z,0.3.0,AMD,macd_pullback,v2,5m,HOLD,no_trade,254.185,,200000.0,False,flat,0,0,True,False,SELL
45f3c13b538c4df29a21ac32be01b49a,2026-04-14T19:05:31Z,0.3.0,AMZN,macd_pullback,v2,5m,HOLD,no_trade,248.48,,200000.0,False,flat,0,0,True,False,SELL
821bbbbda2f34f17ad81689c5d03befd,2026-04-14T19:05:32Z,0.3.0,META,macd_pullback,v2,5m,HOLD,no_trade,661.72,,200000.0,False,flat,0,0,True,False,SELL
c5fe7123463a454b96b98c2392925376,2026-04-14T19:05:33Z,0.3.0,MSFT,macd_pullback,v2,5m,HOLD,no_trade,391.66,,200000.0,False,flat,0,0,True,False,SELL
bc55444e10e7470393f59235b0a2c56f,2026-04-14T19:05:42Z,0.3.0,NVDA,macd_pullback,v2,5m,HOLD,no_trade,195.545,,200000.0,False,flat,0,0,True,False,SELL
1b95bec9175b42c7919c2ccf3719ab2a,2026-04-14T19:06:44Z,0.3.0,AAPL,macd_pullback,v2,5m,HOLD,no_trade,257.975,,200000.0,False,flat,0,0,True,False,SELL
538306408b2b4c288135729543a43925,2026-04-14T19:06:45Z,0.3.0,AMD,macd_pullback,v2,5m,HOLD,no_trade,254.51,,200000.0,False,flat,0,0,True,False,SELL
3f4d0fc9d0a14936a8fd39fcab8f17e3,2026-04-14T19:06:47Z,0.3.0,AMZN,macd_pullback,v2,5m,HOLD,no_trade,248.54,,200000.0,False,flat,0,0,True,False,SELL
cfd18cc467f84a5c94b2410fd90d7438,2026-04-14T19:06:49Z,0.3.0,META,macd_pullback,v2,5m,HOLD,no_trade,661.65,,200000.0,False,flat,0,0,True,False,SELL
3786af3a11fe4e1bbfc8cd30be01b343,2026-04-14T19:06:50Z,0.3.0,MSFT,macd_pullback,v2,5m,HOLD,no_trade,391.56,,200000.0,False,flat,0,0,True,False,SELL
5944315f79c345efbf62683fe8869bc7,2026-04-14T19:06:51Z,0.3.0,NVDA,macd_pullback,v2,5m,HOLD,no_trade,195.65,,200000.0,False,flat,0,0,True,False,SELL
ac18e09bf3dd4dfe9b65ace42a0bac51,2026-04-14T19:07:53Z,0.3.0,AAPL,macd_pullback,v2,5m,HOLD,no_trade,257.99,,200000.0,False,flat,0,0,True,False,SELL
99fb1a6d505b4c1988ac4294a234d412,2026-04-14T19:07:54Z,0.3.0,AMD,macd_pullback,v2,5m,HOLD,no_trade,254.63,,200000.0,False,flat,0,0,True,False,SELL
b4d55244656f46a19119c52aa74791a9,2026-04-14T19:07:56Z,0.3.0,AMZN,macd_pullback,v2,5m,HOLD,no_trade,248.67,,200000.0,False,flat,0,0,True,False,SELL
2b3a9540d3224314997a3c3bf9bda2df,2026-04-14T19:07:57Z,0.3.0,META,macd_pullback,v2,5m,HOLD,no_trade,661.74,,200000.0,False,flat,0,0,True,False,SELL
af41701f04a845c5a8ac937ede62ffe2,2026-04-14T19:07:58Z,0.3.0,MSFT,macd_pullback,v2,5m,HOLD,no_trade,391.56,,200000.0,False,flat,0,0,True,False,SELL
e8ce3ed54f4344b7b0c17b2b6fc62874,2026-04-14T19:07:59Z,0.3.0,NVDA,macd_pullback,v2,5m,HOLD,no_trade,195.63,,200000.0,False,flat,0,0,True,False,SELL
a0d978b9596643b28867e52959391558,2026-04-14T19:09:00Z,0.3.0,AAPL,macd_pullback,v2,5m,HOLD,no_trade,258.07,,200000.0,False,flat,0,0,True,False,SELL
b16cd06e3a28411dbb0c42c835523dd8,2026-04-14T19:09:02Z,0.3.0,AMD,macd_pullback,v2,5m,HOLD,no_trade,254.61,,200000.0,False,flat,0,0,True,False,SELL
103e9ab7722c4718a39f3d17949aa56d,2026-04-14T19:09:03Z,0.3.0,AMZN,macd_pullback,v2,5m,HOLD,no_trade,248.53,,200000.0,False,flat,0,0,True,False,SELL
f94d11fbeb4c4f35b7160961ac3923e7,2026-04-14T19:09:05Z,0.3.0,META,macd_pullback,v2,5m,HOLD,no_trade,662.155,,200000.0,False,flat,0,0,True,False,SELL
9cb66c9d52e04342ae8658851f23e1d8,2026-04-14T19:09:06Z,0.3.0,MSFT,macd_pullback,v2,5m,HOLD,no_trade,391.59,,200000.0,False,flat,0,0,True,False,SELL
1ec6b311d5d848948da19773d71a3caf,2026-04-14T19:09:07Z,0.3.0,NVDA,macd_pullback,v2,5m,HOLD,no_trade,195.87,,200000.0,False,flat,0,0,True,False,SELL
21c4de0fb9944a2e9662fe0d45e82abb,2026-04-14T19:10:09Z,0.3.0,AAPL,macd_pullback,v2,5m,HOLD,no_trade,258.01,,200000.0,False,flat,0,0,True,False,SELL
30085b9a1d8b4ea8baa8479666e3b669,2026-04-14T19:10:11Z,0.3.0,AMD,macd_pullback,v2,5m,HOLD,no_trade,254.61,,200000.0,False,flat,0,0,True,False,SELL
4d6c9553e2754a3ca072355671720989,2026-04-14T19:10:13Z,0.3.0,AMZN,macd_pullback,v2,5m,HOLD,no_trade,248.44,,200000.0,False,flat,0,0,True,False,SELL
1cc9274a7172461cb854859f9d07c417,2026-04-14T19:10:14Z,0.3.0,META,macd_pullback,v2,5m,HOLD,no_trade,662.015,,200000.0,False,flat,0,0,True,False,SELL
a15ecc54d4eb46d286312cb963b26b69,2026-04-14T19:10:16Z,0.3.0,MSFT,macd_pullback,v2,5m,HOLD,no_trade,391.72,,200000.0,False,flat,0,0,True,False,SELL
00185943fc4d4fffa2c0dbc58e27db73,2026-04-14T19:10:17Z,0.3.0,NVDA,macd_pullback,v2,5m,HOLD,no_trade,195.87,,200000.0,False,flat,0,0,True,False,SELL
f2f76b832c704995a86538cadf6b2cb5,2026-04-14T19:11:19Z,0.3.0,AAPL,macd_pullback,v2,5m,HOLD,no_trade,258.07,,200000.0,False,flat,0,0,True,False,SELL
3cd93b251ace47098d480cfd77bf27a1,2026-04-14T19:11:20Z,0.3.0,AMD,macd_pullback,v2,5m,HOLD,no_trade,254.535,,200000.0,False,flat,0,0,True,False,SELL
7dcdc65ca5a1447ab8935298daf85894,2026-04-14T19:11:21Z,0.3.0,AMZN,macd_pullback,v2,5m,HOLD,no_trade,248.38,,200000.0,False,flat,0,0,True,False,SELL
f0c2dd03db57401091770d200e0ea95d,2026-04-14T19:11:22Z,0.3.0,META,macd_pullback,v2,5m,HOLD,no_trade,661.83,,200000.0,False,flat,0,0,True,False,SELL
2e9e3df7187a44babfc256dcef6503bf,2026-04-14T19:11:23Z,0.3.0,MSFT,macd_pullback,v2,5m,HOLD,no_trade,391.78,,200000.0,False,flat,0,0,True,False,SELL
c43dbe7507e8444fb483ce710ae487b3,2026-04-14T19:11:25Z,0.3.0,NVDA,macd_pullback,v2,5m,HOLD,no_trade,195.92,,200000.0,False,flat,0,0,True,False,SELL
b5f0654f626d402190ba846cdeaacde1,2026-04-14T19:12:27Z,0.3.0,AAPL,macd_pullback,v2,5m,HOLD,no_trade,258.43,,200000.0,False,flat,0,0,True,False,SELL
461bcd60abd34e50991b2aa1ddb82973,2026-04-14T19:12:28Z,0.3.0,AMD,macd_pullback,v2,5m,HOLD,no_trade,254.56,,200000.0,False,flat,0,0,True,False,SELL
8d701a282e9a4f018d1fa312206d1c4b,2026-04-14T19:12:31Z,0.3.0,AMZN,macd_pullback,v2,5m,HOLD,no_trade,248.5,,200000.0,False,flat,0,0,True,False,SELL
47622b7d09ac4f37b26427d84c3ab99c,2026-04-14T19:12:32Z,0.3.0,META,macd_pullback,v2,5m,HOLD,no_trade,662.23,,200000.0,False,flat,0,0,True,False,SELL
cefb217622b14c71a3262c3ffce7bdf2,2026-04-14T19:12:33Z,0.3.0,MSFT,macd_pullback,v2,5m,HOLD,no_trade,392.09,,200000.0,False,flat,0,0,True,False,SELL
32b8ee28d5854b86b008ff6c3ca692f1,2026-04-14T19:12:34Z,0.3.0,NVDA,macd_pullback,v2,5m,HOLD,no_trade,196.08,,200000.0,False,flat,0,0,True,False,SELL
d4c50657bfaa40eb856a06e25fe80cec,2026-04-14T19:13:35Z,0.3.0,AAPL,macd_pullback,v2,5m,HOLD,no_trade,258.33,,200000.0,False,flat,0,0,True,False,SELL
d45adb3382a644ca96e9e641ee6c19fe,2026-04-14T19:13:36Z,0.3.0,AMD,macd_pullback,v2,5m,HOLD,no_trade,254.62,,200000.0,False,flat,0,0,True,False,SELL
ebcc3ae199124cce8212d2d182adb81d,2026-04-14T19:13:37Z,0.3.0,AMZN,macd_pullback,v2,5m,HOLD,no_trade,248.695,,200000.0,False,flat,0,0,True,False,SELL
d325c16d6d93434cb3989b1f15a0be6c,2026-04-14T19:13:39Z,0.3.0,META,macd_pullback,v2,5m,HOLD,no_trade,661.965,,200000.0,False,flat,0,0,True,False,SELL
2d94deb7e30b40789173b1cc81bafebb,2026-04-14T19:13:40Z,0.3.0,MSFT,macd_pullback,v2,5m,HOLD,no_trade,391.975,,200000.0,False,flat,0,0,True,False,SELL
78b47ca25c1544e189a6c0456939e61a,2026-04-14T19:13:41Z,0.3.0,NVDA,macd_pullback,v2,5m,HOLD,no_trade,196.16,,200000.0,False,flat,0,0,True,False,SELL
8be89f9a5d3d4ca9a2e99c608f481a79,2026-04-14T19:14:42Z,0.3.0,AAPL,macd_pullback,v2,5m,HOLD,no_trade,258.27,,200000.0,False,flat,0,0,True,False,SELL
67412772fac24771aa6214dca68158b3,2026-04-14T19:14:43Z,0.3.0,AMD,macd_pullback,v2,5m,HOLD,no_trade,254.48,,200000.0,False,flat,0,0,True,False,SELL
4a44a866853c4351b8498dbf2cf3bc11,2026-04-14T19:14:44Z,0.3.0,AMZN,macd_pullback,v2,5m,HOLD,no_trade,248.48,,200000.0,False,flat,0,0,True,False,SELL
46303e089bd048f59890e6a2c0387520,2026-04-14T19:14:46Z,0.3.0,META,macd_pullback,v2,5m,HOLD,no_trade,662.08,,200000.0,False,flat,0,0,True,False,SELL
f8dae10e88ac4db3aabd7b7eed0c3c1a,2026-04-14T19:14:47Z,0.3.0,MSFT,macd_pullback,v2,5m,HOLD,no_trade,392.01,,200000.0,False,flat,0,0,True,False,SELL
f69c8eb0e498467c9d05e9ce1f8d6624,2026-04-14T19:14:48Z,0.3.0,NVDA,macd_pullback,v2,5m,HOLD,no_trade,196.0,,200000.0,False,flat,0,0,True,False,SELL
7bcd00bf2292473a9e1276e5e412be62,2026-04-14T19:15:49Z,0.3.0,AAPL,macd_pullback,v2,5m,HOLD,no_trade,258.23,,200000.0,False,flat,0,0,True,False,SELL
32d73fb1a5be4bc9ad9cf84c1e91072a,2026-04-14T19:15:51Z,0.3.0,AMD,macd_pullback,v2,5m,HOLD,no_trade,254.515,,200000.0,False,flat,0,0,True,False,SELL
1f16b09b584f42878a04489a7d16b423,2026-04-14T19:15:52Z,0.3.0,AMZN,macd_pullback,v2,5m,HOLD,no_trade,248.36,,200000.0,False,flat,0,0,True,False,SELL
e397841c1c1f493d8a037a91ae4eb7bc,2026-04-14T19:15:55Z,0.3.0,META,macd_pullback,v2,5m,HOLD,no_trade,662.07,,200000.0,False,flat,0,0,True,False,SELL
b675aed23a1e4443a1270d0118cbb470,2026-04-14T19:15:56Z,0.3.0,MSFT,macd_pullback,v2,5m,HOLD,no_trade,392.02,,200000.0,False,flat,0,0,True,False,SELL
8378d058ccab47ce8fa4ec043333053d,2026-04-14T19:15:58Z,0.3.0,NVDA,macd_pullback,v2,5m,HOLD,no_trade,196.105,,200000.0,False,flat,0,0,True,False,SELL
1502f66a811749238783ba906a91c3dc,2026-04-14T19:16:59Z,0.3.0,AAPL,macd_pullback,v2,5m,HOLD,no_trade,258.36,,200000.0,False,flat,0,0,True,False,SELL
a21b1d600fed4730971f0cf01913761d,2026-04-14T19:17:00Z,0.3.0,AMD,macd_pullback,v2,5m,HOLD,no_trade,254.59,,200000.0,False,flat,0,0,True,False,SELL
3bb7fca80c4343cfa44f7c4dd65c9b41,2026-04-14T19:17:01Z,0.3.0,AMZN,macd_pullback,v2,5m,HOLD,no_trade,248.86,,200000.0,False,flat,0,0,True,False,SELL
3ffd39b22f3449eda5ba846c7d7d22e0,2026-04-14T19:17:02Z,0.3.0,META,macd_pullback,v2,5m,HOLD,no_trade,662.04,,200000.0,False,flat,0,0,True,False,SELL
698ee168d7a2467b8c065702f7144f0e,2026-04-14T19:17:04Z,0.3.0,MSFT,macd_pullback,v2,5m,HOLD,no_trade,392.09,,200000.0,False,flat,0,0,True,False,SELL
623bef874f9f438d87ffb09a41e3e450,2026-04-14T19:17:05Z,0.3.0,NVDA,macd_pullback,v2,5m,HOLD,no_trade,196.305,,200000.0,False,flat,0,0,True,False,SELL
b222d1081dc7489395d37529f56b6ff8,2026-04-14T19:18:07Z,0.3.0,AAPL,macd_pullback,v2,5m,HOLD,no_trade,258.45,,200000.0,False,flat,0,0,True,False,SELL
3cdbdfbcbb2740669d892b9b3b5aab0c,2026-04-14T19:18:08Z,0.3.0,AMD,macd_pullback,v2,5m,HOLD,no_trade,254.7,,200000.0,False,flat,0,0,True,False,SELL
c2d14a1fab924330a9ea52ed04733084,2026-04-14T19:18:09Z,0.3.0,AMZN,macd_pullback,v2,5m,HOLD,no_trade,248.875,,200000.0,False,flat,0,0,True,False,SELL
bf65b1956846413f83f443dfe4b4c408,2026-04-14T19:18:11Z,0.3.0,META,macd_pullback,v2,5m,HOLD,no_trade,661.96,,200000.0,False,flat,0,0,True,False,SELL
397f3cb67b62426195f2f98f99f2b4c1,2026-04-14T19:18:12Z,0.3.0,MSFT,macd_pullback,v2,5m,HOLD,no_trade,392.12,,200000.0,False,flat,0,0,True,False,SELL
8775901d05f94abcadf0da87c4557cb4,2026-04-14T19:18:14Z,0.3.0,NVDA,macd_pullback,v2,5m,HOLD,no_trade,196.19,,200000.0,False,flat,0,0,True,False,SELL
352d8a9c69fc4ae6bd6ae66fd1ed4aff,2026-04-14T19:19:15Z,0.3.0,AAPL,macd_pullback,v2,5m,HOLD,no_trade,258.43,,200000.0,False,flat,0,0,True,False,SELL
c3c0c8219c7d4208b1c2d32948f1ffb6,2026-04-14T19:19:16Z,0.3.0,AMD,macd_pullback,v2,5m,HOLD,no_trade,254.72,,200000.0,False,flat,0,0,True,False,SELL
177fa86c9f4342ffa3c76f0bd82abe86,2026-04-14T19:19:18Z,0.3.0,AMZN,macd_pullback,v2,5m,HOLD,no_trade,248.77,,200000.0,False,flat,0,0,True,False,SELL
7cb598603cc34677a00d360acaa026bd,2026-04-14T19:19:20Z,0.3.0,META,macd_pullback,v2,5m,HOLD,no_trade,661.66,,200000.0,False,flat,0,0,True,False,SELL
546910b8dd414e6cb34a9397c0f58f41,2026-04-14T19:19:21Z,0.3.0,MSFT,macd_pullback,v2,5m,HOLD,no_trade,392.075,,200000.0,False,flat,0,0,True,False,SELL
45c55e8c851e4cffbefc686b8bbf01f6,2026-04-14T19:19:22Z,0.3.0,NVDA,macd_pullback,v2,5m,HOLD,no_trade,196.175,,200000.0,False,flat,0,0,True,False,SELL
a424fc9b513247b19a715054b64bc416,2026-04-14T19:20:23Z,0.3.0,AAPL,macd_pullback,v2,5m,HOLD,no_trade,258.26,,200000.0,False,flat,0,0,True,False,SELL
6d0db79d62804adfbe74aa4bbbf1bc46,2026-04-14T19:20:24Z,0.3.0,AMD,macd_pullback,v2,5m,HOLD,no_trade,254.65,,200000.0,False,flat,0,0,True,False,SELL
6bc445d6cdc0445082f2205799bc9bb1,2026-04-14T19:20:25Z,0.3.0,AMZN,macd_pullback,v2,5m,HOLD,no_trade,248.83,,200000.0,False,flat,0,0,True,False,SELL
260e4ad936784248865661f1e0150a1a,2026-04-14T19:20:26Z,0.3.0,META,macd_pullback,v2,5m,HOLD,no_trade,661.77,,200000.0,False,flat,0,0,True,False,SELL
f5ca215f7d544ab5aa1de052a8dacd43,2026-04-14T19:20:27Z,0.3.0,MSFT,macd_pullback,v2,5m,HOLD,no_trade,391.92,,200000.0,False,flat,0,0,True,False,SELL
7ceb7c7a1b80415aa94adeb33b27a85b,2026-04-14T19:20:28Z,0.3.0,NVDA,macd_pullback,v2,5m,HOLD,no_trade,196.145,,200000.0,False,flat,0,0,True,False,SELL
cf142b4ca2af486cb5c8c89aa35099e3,2026-04-14T19:21:30Z,0.3.0,AAPL,macd_pullback,v2,5m,HOLD,no_trade,258.44,,200000.0,False,flat,0,0,True,False,SELL
a983e3f5067d464b8dca8ecde145c5b1,2026-04-14T19:21:31Z,0.3.0,AMD,macd_pullback,v2,5m,HOLD,no_trade,254.98,,200000.0,False,flat,0,0,True,False,SELL
7e225570de304d00b1bbb40d2381a64b,2026-04-14T19:21:32Z,0.3.0,AMZN,macd_pullback,v2,5m,HOLD,no_trade,248.87,,200000.0,False,flat,0,0,True,False,SELL
66a59496cb5047fbb1081058e25abcce,2026-04-14T19:21:34Z,0.3.0,META,macd_pullback,v2,5m,HOLD,no_trade,661.98,,200000.0,False,flat,0,0,True,False,SELL
8158663b720846a3a9377d22af52b84a,2026-04-14T19:21:35Z,0.3.0,MSFT,macd_pullback,v2,5m,HOLD,no_trade,392.0,,200000.0,False,flat,0,0,True,False,SELL
0fb0bfb940f9428dbee789d8e5171816,2026-04-14T19:21:37Z,0.3.0,NVDA,macd_pullback,v2,5m,HOLD,no_trade,196.155,,200000.0,False,flat,0,0,True,False,SELL
e3e572643d7d48c8a6923498acb64e3f,2026-04-14T19:22:39Z,0.3.0,AAPL,macd_pullback,v2,5m,HOLD,no_trade,258.44,,200000.0,False,flat,0,0,True,False,SELL
0238751b695c450d9d97123c2283d57c,2026-04-14T19:22:40Z,0.3.0,AMD,macd_pullback,v2,5m,HOLD,no_trade,255.02,,200000.0,False,flat,0,0,True,False,SELL
df427faabfb944aea1f71de1d553a5dd,2026-04-14T19:22:41Z,0.3.0,AMZN,macd_pullback,v2,5m,HOLD,no_trade,249.04,,200000.0,False,flat,0,0,True,False,SELL
ffb7bbdfabe149e4aaad534f1462ce0a,2026-04-14T19:22:42Z,0.3.0,META,macd_pullback,v2,5m,HOLD,no_trade,661.98,,200000.0,False,flat,0,0,True,False,SELL
e4c5874145b04fb5bedd5574b74ec876,2026-04-14T19:22:43Z,0.3.0,MSFT,macd_pullback,v2,5m,HOLD,no_trade,392.085,,200000.0,False,flat,0,0,True,False,SELL
6fb944be292c4b5880e57a06cd31c936,2026-04-14T19:22:45Z,0.3.0,NVDA,macd_pullback,v2,5m,HOLD,no_trade,196.255,,200000.0,False,flat,0,0,True,False,SELL
41f168b2c6ae43a2845ef3ca7cc5a827,2026-04-14T19:23:46Z,0.3.0,AAPL,macd_pullback,v2,5m,HOLD,no_trade,258.405,,200000.0,False,flat,0,0,True,False,SELL
1f79a9a485194a5e96fd4a348b9fb134,2026-04-14T19:23:47Z,0.3.0,AMD,macd_pullback,v2,5m,HOLD,no_trade,255.07,,200000.0,False,flat,0,0,True,False,SELL
f1607495bb134e5281a73a4ef88fe102,2026-04-14T19:23:48Z,0.3.0,AMZN,macd_pullback,v2,5m,HOLD,no_trade,248.945,,200000.0,False,flat,0,0,True,False,SELL
43942fd7075749a7884f5930d69488b9,2026-04-14T19:23:50Z,0.3.0,META,macd_pullback,v2,5m,HOLD,no_trade,662.12,,200000.0,False,flat,0,0,True,False,SELL
f81b882ba4594d02b62013d06b291fb3,2026-04-14T19:23:51Z,0.3.0,MSFT,macd_pullback,v2,5m,HOLD,no_trade,392.135,,200000.0,False,flat,0,0,True,False,SELL
e6bec81894074abcb8dbb65eec519845,2026-04-14T19:23:52Z,0.3.0,NVDA,macd_pullback,v2,5m,HOLD,no_trade,196.23,,200000.0,False,flat,0,0,True,False,SELL
5c4a11d7e83042b2a9546d70e6a00659,2026-04-14T19:24:54Z,0.3.0,AAPL,macd_pullback,v2,5m,HOLD,no_trade,258.425,,200000.0,False,flat,0,0,True,False,SELL
4f585b9cf24941d5837e3adfda4c62c1,2026-04-14T19:24:55Z,0.3.0,AMD,macd_pullback,v2,5m,HOLD,no_trade,254.83,,200000.0,False,flat,0,0,True,False,SELL
5dc4505c875a472aa77c89766b2b92b2,2026-04-14T19:24:56Z,0.3.0,AMZN,macd_pullback,v2,5m,HOLD,no_trade,249.1,,200000.0,False,flat,0,0,True,False,SELL
cdf7f8bc98c4471c97730d581fc2ab4d,2026-04-14T19:24:57Z,0.3.0,META,macd_pullback,v2,5m,HOLD,no_trade,662.325,,200000.0,False,flat,0,0,True,False,SELL
0e108fb9faa34a528038b178a5f26476,2026-04-14T19:24:58Z,0.3.0,MSFT,macd_pullback,v2,5m,HOLD,no_trade,392.145,,200000.0,False,flat,0,0,True,False,SELL
2cf6c29eeb30438a9486ab7aa22316bf,2026-04-14T19:25:01Z,0.3.0,NVDA,macd_pullback,v2,5m,HOLD,no_trade,196.16,,200000.0,False,flat,0,0,True,False,SELL
d657d0aa807f4746b0e24f98a0404bd5,2026-04-14T19:26:02Z,0.3.0,AAPL,macd_pullback,v2,5m,HOLD,no_trade,258.62,,200000.0,False,flat,0,0,True,False,SELL
9e776d81a7a8424883d839e040298270,2026-04-14T19:26:04Z,0.3.0,AMD,macd_pullback,v2,5m,HOLD,no_trade,255.01,,200000.0,False,flat,0,0,True,False,SELL
e63c5476d3414a44b9bcd8ba04ad804e,2026-04-14T19:26:06Z,0.3.0,AMZN,macd_pullback,v2,5m,HOLD,no_trade,249.165,,200000.0,False,flat,0,0,True,False,SELL
962d2fb7d7bd4c33addaf8593fd0e243,2026-04-14T19:26:07Z,0.3.0,META,macd_pullback,v2,5m,HOLD,no_trade,661.785,,200000.0,False,flat,0,0,True,False,SELL
112b22ad795946fc9b2d6318ca366769,2026-04-14T19:26:09Z,0.3.0,MSFT,macd_pullback,v2,5m,HOLD,no_trade,392.35,,200000.0,False,flat,0,0,True,False,SELL
f55a6671c62a4ef987a779d6bc419635,2026-04-14T19:26:10Z,0.3.0,NVDA,macd_pullback,v2,5m,HOLD,no_trade,196.235,,200000.0,False,flat,0,0,True,False,SELL
13b862e7e0dd4b5ca9109e24b6e215ea,2026-04-14T19:27:12Z,0.3.0,AAPL,macd_pullback,v2,5m,HOLD,no_trade,258.355,,200000.0,False,flat,0,0,True,False,SELL
03ab17abdf934231af2d236d7791db39,2026-04-14T19:27:14Z,0.3.0,AMD,macd_pullback,v2,5m,HOLD,no_trade,254.98,,200000.0,False,flat,0,0,True,False,SELL
03fb9a6ae74c4ffa913a9b41cd9e35ff,2026-04-14T19:27:15Z,0.3.0,AMZN,macd_pullback,v2,5m,HOLD,no_trade,249.22,,200000.0,False,flat,0,0,True,False,SELL
4d75cb28eec341139d979cee8390fba2,2026-04-14T19:27:17Z,0.3.0,META,macd_pullback,v2,5m,HOLD,no_trade,661.83,,200000.0,False,flat,0,0,True,False,SELL
49f8e0a46fcb4e85a91f1beb7419acf5,2026-04-14T19:27:18Z,0.3.0,MSFT,macd_pullback,v2,5m,HOLD,no_trade,392.29,,200000.0,False,flat,0,0,True,False,SELL
641707126c7344b99d149c28609e15ad,2026-04-14T19:27:19Z,0.3.0,NVDA,macd_pullback,v2,5m,HOLD,no_trade,196.26,,200000.0,False,flat,0,0,True,False,SELL
0e9c70bee8e54b44b2ea1c81ea1f9b6c,2026-04-14T19:28:20Z,0.3.0,AAPL,macd_pullback,v2,5m,HOLD,no_trade,258.36,,200000.0,False,flat,0,0,True,False,SELL
edaf9ecd6b2243e5a4a0dabc068ddca4,2026-04-14T19:28:21Z,0.3.0,AMD,macd_pullback,v2,5m,HOLD,no_trade,255.17,,200000.0,False,flat,0,0,True,False,SELL
d90fbada9ca647d49aa263d671f4c090,2026-04-14T19:28:23Z,0.3.0,AMZN,macd_pullback,v2,5m,HOLD,no_trade,249.34,,200000.0,False,flat,0,0,True,False,SELL
5ffa4a40fcce4855ac23503a9719a50c,2026-04-14T19:28:24Z,0.3.0,META,macd_pullback,v2,5m,HOLD,no_trade,661.69,,200000.0,False,flat,0,0,True,False,SELL
c4fa489b1a654296a91d8c5f0d0720ed,2026-04-14T19:28:25Z,0.3.0,MSFT,macd_pullback,v2,5m,HOLD,no_trade,392.14,,200000.0,False,flat,0,0,True,False,SELL
83844c86d8b34775be156b8efb4db193,2026-04-14T19:28:27Z,0.3.0,NVDA,macd_pullback,v2,5m,HOLD,no_trade,196.21,,200000.0,False,flat,0,0,True,False,SELL
3c6d19175c67481a9bcdb215ad2c2595,2026-04-14T19:29:28Z,0.3.0,AAPL,macd_pullback,v2,5m,HOLD,no_trade,258.25,,200000.0,False,flat,0,0,True,False,SELL
2a0bd48a306f42578ca3ae3a962e6cdd,2026-04-14T19:29:29Z,0.3.0,AMD,macd_pullback,v2,5m,HOLD,no_trade,255.2,,200000.0,False,flat,0,0,True,False,SELL
fa35d04b04eb40cfbd7e191065a9eb42,2026-04-14T19:29:30Z,0.3.0,AMZN,macd_pullback,v2,5m,HOLD,no_trade,249.41,,200000.0,False,flat,0,0,True,False,SELL
608a7329d0a949bf83458f9c33662713,2026-04-14T19:29:31Z,0.3.0,META,macd_pullback,v2,5m,HOLD,no_trade,661.75,,200000.0,False,flat,0,0,True,False,SELL
95a1b8aedaad45bb954598b2f0f84222,2026-04-14T19:29:32Z,0.3.0,MSFT,macd_pullback,v2,5m,HOLD,no_trade,392.205,,200000.0,False,flat,0,0,True,False,SELL
20aaa14924d645299b0163bd8f96f120,2026-04-14T19:29:34Z,0.3.0,NVDA,macd_pullback,v2,5m,HOLD,no_trade,196.21,,200000.0,False,flat,0,0,True,False,SELL
7ce7d847723d43baac0e0542442920eb,2026-04-14T19:30:36Z,0.3.0,AAPL,macd_pullback,v2,5m,HOLD,no_trade,258.33,,200000.0,False,flat,0,0,True,False,SELL
ab54377cbce24213a2038888215ce105,2026-04-14T19:30:38Z,0.3.0,AMD,macd_pullback,v2,5m,HOLD,no_trade,255.2,,200000.0,False,flat,0,0,True,False,SELL
d6af78374b2f42aeaccb2870ca39cf71,2026-04-14T19:30:39Z,0.3.0,AMZN,macd_pullback,v2,5m,HOLD,no_trade,249.51,,200000.0,False,flat,0,0,True,False,SELL
13bd1806f4d9411388416a9f01dd3382,2026-04-14T19:30:42Z,0.3.0,META,macd_pullback,v2,5m,HOLD,no_trade,661.405,,200000.0,False,flat,0,0,True,False,SELL
c3bac69d7494442cb125e520d58f4f75,2026-04-14T19:30:44Z,0.3.0,MSFT,macd_pullback,v2,5m,HOLD,no_trade,392.29,,200000.0,False,flat,0,0,True,False,SELL
71c90b5c11f44281b8982cca7294dfa9,2026-04-14T19:30:45Z,0.3.0,NVDA,macd_pullback,v2,5m,HOLD,no_trade,196.22,,200000.0,False,flat,0,0,True,False,SELL
563baac41ae34ac6b06b31c311182a78,2026-04-14T19:31:47Z,0.3.0,AAPL,macd_pullback,v2,5m,HOLD,no_trade,258.34,,200000.0,False,flat,0,0,True,False,SELL
12f2ae20bafa4dce9914cdcad2da9d55,2026-04-14T19:31:48Z,0.3.0,AMD,macd_pullback,v2,5m,HOLD,no_trade,255.08,,200000.0,False,flat,0,0,True,False,SELL
b1db9dcf556e4b7bb7f7b102dbad1187,2026-04-14T19:31:50Z,0.3.0,AMZN,macd_pullback,v2,5m,HOLD,no_trade,249.46,,200000.0,False,flat,0,0,True,False,SELL
3c8b8b7e2e0244388ea80fbe2b77ae0b,2026-04-14T19:31:52Z,0.3.0,META,macd_pullback,v2,5m,HOLD,no_trade,661.21,,200000.0,False,flat,0,0,True,False,SELL
46dce9ea465442b5809d8a34a23f08f4,2026-04-14T19:31:53Z,0.3.0,MSFT,macd_pullback,v2,5m,HOLD,no_trade,392.265,,200000.0,False,flat,0,0,True,False,SELL
d10d19f13c674d3db6d961aaa5266a61,2026-04-14T19:31:54Z,0.3.0,NVDA,macd_pullback,v2,5m,HOLD,no_trade,196.165,,200000.0,False,flat,0,0,True,False,SELL
1f9f3e290c464bbe913f5a9240a183a5,2026-04-14T19:32:55Z,0.3.0,AAPL,macd_pullback,v2,5m,HOLD,no_trade,258.43,,200000.0,False,flat,0,0,True,False,SELL
df3c8c52e8194e01a710dc5ad6acd4c4,2026-04-14T19:32:56Z,0.3.0,AMD,macd_pullback,v2,5m,HOLD,no_trade,255.325,,200000.0,False,flat,0,0,True,False,SELL
d3fef387c1a9455eb4a7a5ffa253bcd3,2026-04-14T19:32:57Z,0.3.0,AMZN,macd_pullback,v2,5m,HOLD,no_trade,249.58,,200000.0,False,flat,0,0,True,False,SELL
f6b16a74fe8045acbf94e8aa36308f89,2026-04-14T19:32:59Z,0.3.0,META,macd_pullback,v2,5m,HOLD,no_trade,660.87,,200000.0,False,flat,0,0,True,False,SELL
364bdf0c61b549e1961766dcf729bc13,2026-04-14T19:33:00Z,0.3.0,MSFT,macd_pullback,v2,5m,HOLD,no_trade,392.28,,200000.0,False,flat,0,0,True,False,SELL
c22176ea8d604e2f84df1d7b5f90591f,2026-04-14T19:33:02Z,0.3.0,NVDA,macd_pullback,v2,5m,HOLD,no_trade,196.24,,200000.0,False,flat,0,0,True,False,SELL
529946402b244effb8469fc4e30d8fe9,2026-04-14T19:34:03Z,0.3.0,AAPL,macd_pullback,v2,5m,HOLD,no_trade,258.46,,200000.0,False,flat,0,0,True,False,SELL
0387675b6ffb46499356ae60d27a9262,2026-04-14T19:34:04Z,0.3.0,AMD,macd_pullback,v2,5m,HOLD,no_trade,255.41,,200000.0,False,flat,0,0,True,False,SELL
e0ce89404fc442f2a45e1f6b863552fa,2026-04-14T19:34:05Z,0.3.0,AMZN,macd_pullback,v2,5m,HOLD,no_trade,249.655,,200000.0,False,flat,0,0,True,False,SELL
2d9da08bd37e41938e9b651e0bde6cc1,2026-04-14T19:34:07Z,0.3.0,META,macd_pullback,v2,5m,HOLD,no_trade,660.995,,200000.0,False,flat,0,0,True,False,SELL
585c5d2f40b44d9cbf311ce87b50f700,2026-04-14T19:34:08Z,0.3.0,MSFT,macd_pullback,v2,5m,HOLD,no_trade,392.39,,200000.0,False,flat,0,0,True,False,SELL
56b2d62547d2446280c73edefde57b53,2026-04-14T19:34:11Z,0.3.0,NVDA,macd_pullback,v2,5m,HOLD,no_trade,196.25,,200000.0,False,flat,0,0,True,False,SELL
97f13e54805446668249a0d3c3b1198a,2026-04-14T19:35:12Z,0.3.0,AAPL,macd_pullback,v2,5m,HOLD,no_trade,258.24,,200000.0,False,flat,0,0,True,False,SELL
10cb3d3ce2314574b7454ee73be09210,2026-04-14T19:35:13Z,0.3.0,AMD,macd_pullback,v2,5m,HOLD,no_trade,255.14,,200000.0,False,flat,0,0,True,False,SELL
ce34fa41fee64745b2dc76a4b1d3e1b7,2026-04-14T19:35:15Z,0.3.0,AMZN,macd_pullback,v2,5m,HOLD,no_trade,249.51,,200000.0,False,flat,0,0,True,False,SELL
6db42f1d48b74abb9ee45813adb16150,2026-04-14T19:35:16Z,0.3.0,META,macd_pullback,v2,5m,HOLD,no_trade,660.21,,200000.0,False,flat,0,0,True,False,SELL
3497233196d84318ae97b1d22efef626,2026-04-14T19:35:17Z,0.3.0,MSFT,macd_pullback,v2,5m,HOLD,no_trade,392.25,,200000.0,False,flat,0,0,True,False,SELL
bfb83f8ee0e74d798187e542c69913c4,2026-04-14T19:35:19Z,0.3.0,NVDA,macd_pullback,v2,5m,HOLD,no_trade,196.075,,200000.0,False,flat,0,0,True,False,SELL
71ccc9c6ef0b4ab8aab604d5f9cc3fa9,2026-04-14T19:36:21Z,0.3.0,AAPL,macd_pullback,v2,5m,HOLD,no_trade,258.23,,200000.0,False,flat,0,0,True,False,SELL
6c2603973f5346ea91429b4b6b7c1580,2026-04-14T19:36:22Z,0.3.0,AMD,macd_pullback,v2,5m,HOLD,no_trade,255.08,,200000.0,False,flat,0,0,True,False,SELL
d9f86b9a47cc44e3a32184ae29856af6,2026-04-14T19:36:23Z,0.3.0,AMZN,macd_pullback,v2,5m,HOLD,no_trade,249.48,,200000.0,False,flat,0,0,True,False,SELL
73e33fc042d7441f8a4977966ee5d38d,2026-04-14T19:36:25Z,0.3.0,META,macd_pullback,v2,5m,HOLD,no_trade,659.83,,200000.0,False,flat,0,0,True,False,SELL
f0f33f1423784069a79ee26ca46bc5e5,2026-04-14T19:36:27Z,0.3.0,MSFT,macd_pullback,v2,5m,HOLD,no_trade,392.22,,200000.0,False,flat,0,0,True,False,SELL
b9b891f05a2f4363bfabf43652517845,2026-04-14T19:36:28Z,0.3.0,NVDA,macd_pullback,v2,5m,HOLD,no_trade,195.945,,200000.0,False,flat,0,0,True,False,SELL
98a4bf9d275f45b9a6f4e1fdd9066576,2026-04-14T19:37:29Z,0.3.0,AAPL,macd_pullback,v2,5m,HOLD,no_trade,258.35,,200000.0,False,flat,0,0,True,False,SELL
a7a037ffee6b40e5ab42663fe464194a,2026-04-14T19:37:31Z,0.3.0,AMD,macd_pullback,v2,5m,HOLD,no_trade,255.045,,200000.0,False,flat,0,0,True,False,SELL
37cbc92c741543279a26b6508af33738,2026-04-14T19:37:32Z,0.3.0,AMZN,macd_pullback,v2,5m,HOLD,no_trade,249.45,,200000.0,False,flat,0,0,True,False,SELL
53edebd86d3a4f768f9eaa7fcf02dd0d,2026-04-14T19:37:34Z,0.3.0,META,macd_pullback,v2,5m,HOLD,no_trade,660.35,,200000.0,False,flat,0,0,True,False,SELL
193de643ce974786b0233c444a63b87c,2026-04-14T19:37:35Z,0.3.0,MSFT,macd_pullback,v2,5m,HOLD,no_trade,392.43,,200000.0,False,flat,0,0,True,False,SELL
66648f4368134a3da67ede8908abec98,2026-04-14T19:37:36Z,0.3.0,NVDA,macd_pullback,v2,5m,HOLD,no_trade,196.03,,200000.0,False,flat,0,0,True,False,SELL
1e2795b0b820479b8402d58c1e3797c5,2026-04-14T19:38:37Z,0.3.0,AAPL,macd_pullback,v2,5m,HOLD,no_trade,258.48,,200000.0,False,flat,0,0,True,False,SELL
df4efb3dc9d54fc4bb0229d3cb994cb8,2026-04-14T19:38:38Z,0.3.0,AMD,macd_pullback,v2,5m,HOLD,no_trade,255.12,,200000.0,False,flat,0,0,True,False,SELL
934aa613a6cf422e96599e12c877715e,2026-04-14T19:38:39Z,0.3.0,AMZN,macd_pullback,v2,5m,HOLD,no_trade,249.57,,200000.0,False,flat,0,0,True,False,SELL
c17ea97dc6234d05b315fc39cd4a59fe,2026-04-14T19:38:41Z,0.3.0,META,macd_pullback,v2,5m,HOLD,no_trade,660.61,,200000.0,False,flat,0,0,True,False,SELL
ddcc903a615b47b688d8c39de230a774,2026-04-14T19:38:42Z,0.3.0,MSFT,macd_pullback,v2,5m,HOLD,no_trade,392.48,,200000.0,False,flat,0,0,True,False,SELL
9b67bf44c86747eeaa97444193c3925a,2026-04-14T19:38:43Z,0.3.0,NVDA,macd_pullback,v2,5m,HOLD,no_trade,196.095,,200000.0,False,flat,0,0,True,False,SELL
1485c4aaa68b4a32949d25f9ec0fc6f7,2026-04-14T19:39:44Z,0.3.0,AAPL,macd_pullback,v2,5m,HOLD,no_trade,258.455,,200000.0,False,flat,0,0,True,False,SELL
f6fa71621ce2491dabff85792f0765df,2026-04-14T19:39:45Z,0.3.0,AMD,macd_pullback,v2,5m,HOLD,no_trade,255.17,,200000.0,False,flat,0,0,True,False,SELL
36b2f57f0207430c9d462a0adff15e0b,2026-04-14T19:39:46Z,0.3.0,AMZN,macd_pullback,v2,5m,HOLD,no_trade,249.61,,200000.0,False,flat,0,0,True,False,SELL
4d3a1d6562944fce9cf7adfd8a7b8acb,2026-04-14T19:39:47Z,0.3.0,META,macd_pullback,v2,5m,HOLD,no_trade,660.96,,200000.0,False,flat,0,0,True,False,SELL
5e94a9fcf09b472b9a4cc67257e7e107,2026-04-14T19:39:48Z,0.3.0,MSFT,macd_pullback,v2,5m,HOLD,no_trade,392.41,,200000.0,False,flat,0,0,True,False,SELL
884520644b1c4cd7a11b88d2449b8ead,2026-04-14T19:39:50Z,0.3.0,NVDA,macd_pullback,v2,5m,HOLD,no_trade,196.185,,200000.0,False,flat,0,0,True,False,SELL
b06729f4646847019f4c2175073bd0d8,2026-04-14T19:40:51Z,0.3.0,AAPL,macd_pullback,v2,5m,HOLD,no_trade,258.63,,200000.0,False,flat,0,0,True,False,SELL
a321267c564a4a7da3ac08538fb51e18,2026-04-14T19:40:52Z,0.3.0,AMD,macd_pullback,v2,5m,HOLD,no_trade,255.24,,200000.0,False,flat,0,0,True,False,SELL
7677521302b749b5b8fc199bd990c164,2026-04-14T19:40:53Z,0.3.0,AMZN,macd_pullback,v2,5m,HOLD,no_trade,249.6,,200000.0,False,flat,0,0,True,False,SELL
e2a692d8ebc345ec92b102f9f38436a6,2026-04-14T19:40:54Z,0.3.0,META,macd_pullback,v2,5m,HOLD,no_trade,661.25,,200000.0,False,flat,0,0,True,False,SELL
ee2a02e626224e2b9099bac7acba0b31,2026-04-14T19:40:55Z,0.3.0,MSFT,macd_pullback,v2,5m,HOLD,no_trade,392.62,,200000.0,False,flat,0,0,True,False,SELL
66967fe9be9645afb176d6db4f683752,2026-04-14T19:40:56Z,0.3.0,NVDA,macd_pullback,v2,5m,HOLD,no_trade,196.26,,200000.0,False,flat,0,0,True,False,SELL
8f84333df38047d483b2d6d73dc1424f,2026-04-14T19:41:58Z,0.3.0,AAPL,macd_pullback,v2,5m,HOLD,no_trade,258.49,,200000.0,False,flat,0,0,True,False,SELL
6e1eb31bf9e141d5adeac53697199099,2026-04-14T19:41:59Z,0.3.0,AMD,macd_pullback,v2,5m,HOLD,no_trade,255.24,,200000.0,False,flat,0,0,True,False,SELL
d5b324d9c4404332baa188cfacbd43e2,2026-04-14T19:42:00Z,0.3.0,AMZN,macd_pullback,v2,5m,HOLD,no_trade,249.49,,200000.0,False,flat,0,0,True,False,SELL
c51e744ce46f4886ae5105bcb4de2320,2026-04-14T19:42:02Z,0.3.0,META,macd_pullback,v2,5m,HOLD,no_trade,661.25,,200000.0,False,flat,0,0,True,False,SELL
cc0443381bf642acb7d3442944ec53b0,2026-04-14T19:42:03Z,0.3.0,MSFT,macd_pullback,v2,5m,HOLD,no_trade,392.585,,200000.0,False,flat,0,0,True,False,SELL
e68ad3ef646d46298be674769a641d02,2026-04-14T19:42:04Z,0.3.0,NVDA,macd_pullback,v2,5m,HOLD,no_trade,196.07,,200000.0,False,flat,0,0,True,False,SELL
72684f8316244f4485127d89e756c7b0,2026-04-14T19:43:05Z,0.3.0,AAPL,macd_pullback,v2,5m,HOLD,no_trade,258.42,,200000.0,False,flat,0,0,True,False,SELL
f5d8fd5d6cfb4e5194e0833a5f219efa,2026-04-14T19:43:07Z,0.3.0,AMD,macd_pullback,v2,5m,HOLD,no_trade,255.04,,200000.0,False,flat,0,0,True,False,SELL
7e5a975a725d4bd296d93271d003149a,2026-04-14T19:43:08Z,0.3.0,AMZN,macd_pullback,v2,5m,HOLD,no_trade,249.15,,200000.0,False,flat,0,0,True,False,SELL
3a0c6fb9691140c5a67478f4a9a8e624,2026-04-14T19:43:09Z,0.3.0,META,macd_pullback,v2,5m,HOLD,no_trade,660.985,,200000.0,False,flat,0,0,True,False,SELL
3c220cffa8fc449e8f650e1e0cd94216,2026-04-14T19:43:11Z,0.3.0,MSFT,macd_pullback,v2,5m,HOLD,no_trade,392.48,,200000.0,False,flat,0,0,True,False,SELL
cd8613b666e64daebfc7d631d557f95e,2026-04-14T19:43:12Z,0.3.0,NVDA,macd_pullback,v2,5m,HOLD,no_trade,196.01,,200000.0,False,flat,0,0,True,False,SELL
7a900932775c469ca8c212b8eca2f7f0,2026-04-14T19:44:13Z,0.3.0,AAPL,macd_pullback,v2,5m,HOLD,no_trade,258.495,,200000.0,False,flat,0,0,True,False,SELL
2578baff04234961915b3876cf8b28bc,2026-04-14T19:44:15Z,0.3.0,AMD,macd_pullback,v2,5m,HOLD,no_trade,254.67,,200000.0,False,flat,0,0,True,False,SELL
cb746947d7254e888219712c72711da3,2026-04-14T19:44:16Z,0.3.0,AMZN,macd_pullback,v2,5m,HOLD,no_trade,249.18,,200000.0,False,flat,0,0,True,False,SELL
d9dee6402f9e4e00a9705b795de21a8c,2026-04-14T19:44:17Z,0.3.0,META,macd_pullback,v2,5m,HOLD,no_trade,661.05,,200000.0,False,flat,0,0,True,False,SELL
93fa589746ba4aedab12a03082f6096d,2026-04-14T19:44:19Z,0.3.0,MSFT,macd_pullback,v2,5m,HOLD,no_trade,392.53,,200000.0,False,flat,0,0,True,False,SELL
79ce753b75ec49f586663667c1ef2933,2026-04-14T19:44:20Z,0.3.0,NVDA,macd_pullback,v2,5m,HOLD,no_trade,196.01,,200000.0,False,flat,0,0,True,False,SELL
925dd6665c38430daaac64925b8718aa,2026-04-14T19:45:22Z,0.3.0,AAPL,macd_pullback,v2,5m,HOLD,no_trade,258.52,,200000.0,False,flat,0,0,True,False,SELL
35a6b081aa84435f977d16c542483cd4,2026-04-14T19:45:24Z,0.3.0,AMD,macd_pullback,v2,5m,HOLD,no_trade,254.87,,200000.0,False,flat,0,0,True,False,SELL
5a930357c3e84593b77eb84eceb0a74f,2026-04-14T19:45:26Z,0.3.0,AMZN,macd_pullback,v2,5m,HOLD,no_trade,249.15,,200000.0,False,flat,0,0,True,False,SELL
65ede6b9ed51438690126892fd75a5fc,2026-04-14T19:45:28Z,0.3.0,META,macd_pullback,v2,5m,HOLD,no_trade,660.755,,200000.0,False,flat,0,0,True,False,SELL
fee6eb406bc44cad9cf9dbab6ddf0006,2026-04-14T19:45:29Z,0.3.0,MSFT,macd_pullback,v2,5m,HOLD,no_trade,392.52,,200000.0,False,flat,0,0,True,False,SELL
1a63a23ab4b641519e6b418f8d86c294,2026-04-14T19:45:31Z,0.3.0,NVDA,macd_pullback,v2,5m,HOLD,no_trade,195.935,,200000.0,False,flat,0,0,True,False,SELL
6d6af07c31dc4c40880107fde8d8be4f,2026-04-14T19:46:32Z,0.3.0,AAPL,macd_pullback,v2,5m,HOLD,no_trade,258.48,,200000.0,False,flat,0,0,True,False,SELL
3a35bee6806447caba4dfa63f3024fc2,2026-04-14T19:46:33Z,0.3.0,AMD,macd_pullback,v2,5m,HOLD,no_trade,254.97,,200000.0,False,flat,0,0,True,False,SELL
412bc3ba6df441129afa376984040ec2,2026-04-14T19:46:35Z,0.3.0,AMZN,macd_pullback,v2,5m,HOLD,no_trade,249.28,,200000.0,False,flat,0,0,True,False,SELL
bac96101f9184bf3aa156868dd6a11d1,2026-04-14T19:46:36Z,0.3.0,META,macd_pullback,v2,5m,HOLD,no_trade,661.02,,200000.0,False,flat,0,0,True,False,SELL
7a808556ab844ecfa477ace74df4c080,2026-04-14T19:46:37Z,0.3.0,MSFT,macd_pullback,v2,5m,HOLD,no_trade,392.53,,200000.0,False,flat,0,0,True,False,SELL
82882a71760f48109a701febeff09835,2026-04-14T19:46:38Z,0.3.0,NVDA,macd_pullback,v2,5m,HOLD,no_trade,195.945,,200000.0,False,flat,0,0,True,False,SELL
683175449d164103be17faaa5e971207,2026-04-14T19:47:39Z,0.3.0,AAPL,macd_pullback,v2,5m,HOLD,no_trade,258.355,,200000.0,False,flat,0,0,True,False,SELL
08c9f8f8949844519201249f10975db2,2026-04-14T19:47:40Z,0.3.0,AMD,macd_pullback,v2,5m,HOLD,no_trade,255.06,,200000.0,False,flat,0,0,True,False,SELL
cc581a3c840e4d55b7909b6c2dd58364,2026-04-14T19:47:41Z,0.3.0,AMZN,macd_pullback,v2,5m,HOLD,no_trade,249.22,,200000.0,False,flat,0,0,True,False,SELL
08f066fbba7044e3b004a6e767113233,2026-04-14T19:47:43Z,0.3.0,META,macd_pullback,v2,5m,HOLD,no_trade,661.25,,200000.0,False,flat,0,0,True,False,SELL
743640c9d1234c5bb6b68fd0d2ba65a1,2026-04-14T19:47:44Z,0.3.0,MSFT,macd_pullback,v2,5m,HOLD,no_trade,392.55,,200000.0,False,flat,0,0,True,False,SELL
448d1b67da1f445ca50cb27a08d7ef31,2026-04-14T19:47:45Z,0.3.0,NVDA,macd_pullback,v2,5m,HOLD,no_trade,195.935,,200000.0,False,flat,0,0,True,False,SELL
b3879fa658cc4acfafcd7c47a5b8ccf9,2026-04-14T19:48:46Z,0.3.0,AAPL,macd_pullback,v2,5m,HOLD,no_trade,258.28,,200000.0,False,flat,0,0,True,False,SELL
a5a89a8538624aae9dd82be258c47a97,2026-04-14T19:48:47Z,0.3.0,AMD,macd_pullback,v2,5m,HOLD,no_trade,255.055,,200000.0,False,flat,0,0,True,False,SELL
47fdce241658493ebe26890f62d764ae,2026-04-14T19:48:50Z,0.3.0,AMZN,macd_pullback,v2,5m,HOLD,no_trade,249.31,,200000.0,False,flat,0,0,True,False,SELL
5b068ed4c3594c21b0a0986b508d39fd,2026-04-14T19:48:51Z,0.3.0,META,macd_pullback,v2,5m,HOLD,no_trade,661.25,,200000.0,False,flat,0,0,True,False,SELL
29c4f01cfa1443968576cdfee6adce6a,2026-04-14T19:48:52Z,0.3.0,MSFT,macd_pullback,v2,5m,HOLD,no_trade,392.675,,200000.0,False,flat,0,0,True,False,SELL
513bb20d54d14dd3880bffdfd7453503,2026-04-14T19:48:53Z,0.3.0,NVDA,macd_pullback,v2,5m,HOLD,no_trade,195.855,,200000.0,False,flat,0,0,True,False,SELL
baa79996c3e34d1590bbfe8cea26adf0,2026-04-14T19:49:55Z,0.3.0,AAPL,macd_pullback,v2,5m,HOLD,no_trade,258.275,,200000.0,False,flat,0,0,True,False,SELL
8211bd44006840059ec452bbef34cab7,2026-04-14T19:49:57Z,0.3.0,AMD,macd_pullback,v2,5m,HOLD,no_trade,255.04,,200000.0,False,flat,0,0,True,False,SELL
3a9396b5a57d4e6fbce3d1f2238e0305,2026-04-14T19:49:58Z,0.3.0,AMZN,macd_pullback,v2,5m,HOLD,no_trade,249.285,,200000.0,False,flat,0,0,True,False,SELL
aabfa5a9a8644e68b1291d1f0e8247d5,2026-04-14T19:50:00Z,0.3.0,META,macd_pullback,v2,5m,HOLD,no_trade,661.31,,200000.0,False,flat,0,0,True,False,SELL
f563c512fbd74c749f018615bc6f4bb3,2026-04-14T19:50:03Z,0.3.0,MSFT,macd_pullback,v2,5m,HOLD,no_trade,392.9,,200000.0,False,flat,0,0,True,False,SELL
78f7a5efb2d4477093979965400669ad,2026-04-14T19:50:04Z,0.3.0,NVDA,macd_pullback,v2,5m,HOLD,no_trade,195.94,,200000.0,False,flat,0,0,True,False,SELL
99c050d05ba54e08b0c8a54a8c21fa59,2026-04-14T19:51:05Z,0.3.0,AAPL,macd_pullback,v2,5m,HOLD,no_trade,258.49,,200000.0,False,flat,0,0,True,False,SELL
c034c2eda6ef4f9ebfc54d5a39c39a13,2026-04-14T19:51:11Z,0.3.0,AMD,macd_pullback,v2,5m,HOLD,no_trade,255.085,,200000.0,False,flat,0,0,True,False,SELL
c38dfb8eac764868a80a719752b51fca,2026-04-14T19:51:12Z,0.3.0,AMZN,macd_pullback,v2,5m,HOLD,no_trade,248.89,,200000.0,False,flat,0,0,True,False,SELL
477662b7129b4d5b800e3c6f635e70a5,2026-04-14T19:51:13Z,0.3.0,META,macd_pullback,v2,5m,HOLD,no_trade,661.32,,200000.0,False,flat,0,0,True,False,SELL
8d884f7cd09b420cad393219de99fb1a,2026-04-14T19:51:15Z,0.3.0,MSFT,macd_pullback,v2,5m,HOLD,no_trade,392.69,,200000.0,False,flat,0,0,True,False,SELL
488bab96cc584b9686b48524ed7fc437,2026-04-14T19:51:16Z,0.3.0,NVDA,macd_pullback,v2,5m,HOLD,no_trade,195.725,,200000.0,False,flat,0,0,True,False,SELL
f0f62c8aeb6643ae9a9a74fb47cdc8b8,2026-04-14T19:52:17Z,0.3.0,AAPL,macd_pullback,v2,5m,HOLD,no_trade,258.37,,200000.0,False,flat,0,0,True,False,SELL
a0ef33acff964e7caa293a15a40b6d3e,2026-04-14T19:52:18Z,0.3.0,AMD,macd_pullback,v2,5m,HOLD,no_trade,254.89,,200000.0,False,flat,0,0,True,False,SELL
7f5f8a6905e043dc9193b2efc8ac6ca3,2026-04-14T19:52:20Z,0.3.0,AMZN,macd_pullback,v2,5m,HOLD,no_trade,248.76,,200000.0,False,flat,0,0,True,False,SELL
1fb3ab0a61684345bea9760181b203e5,2026-04-14T19:52:21Z,0.3.0,META,macd_pullback,v2,5m,HOLD,no_trade,661.35,,200000.0,False,flat,0,0,True,False,SELL
86559f0a7c914cb69f92306deddbef86,2026-04-14T19:52:22Z,0.3.0,MSFT,macd_pullback,v2,5m,HOLD,no_trade,392.635,,200000.0,False,flat,0,0,True,False,SELL
734ac2d42eb14f3b9219ca0f47c88777,2026-04-14T19:52:23Z,0.3.0,NVDA,macd_pullback,v2,5m,HOLD,no_trade,195.655,,200000.0,False,flat,0,0,True,False,SELL
d4a125254dc24fdba963c7867015652b,2026-04-14T19:53:25Z,0.3.0,AAPL,macd_pullback,v2,5m,HOLD,no_trade,258.32,,200000.0,False,flat,0,0,True,False,SELL
d13b8ec7dfba4083986f3357ab4a1c5c,2026-04-14T19:53:26Z,0.3.0,AMD,macd_pullback,v2,5m,HOLD,no_trade,254.925,,200000.0,False,flat,0,0,True,False,SELL
cd524653d5f4461a990ef4b519e66727,2026-04-14T19:53:27Z,0.3.0,AMZN,macd_pullback,v2,5m,HOLD,no_trade,248.79,,200000.0,False,flat,0,0,True,False,SELL
8b0250e4fcb241199b0bede434c56e19,2026-04-14T19:53:29Z,0.3.0,META,macd_pullback,v2,5m,HOLD,no_trade,661.21,,200000.0,False,flat,0,0,True,False,SELL
6b083413cf5d4a30afaf7b906c558c14,2026-04-14T19:53:30Z,0.3.0,MSFT,macd_pullback,v2,5m,HOLD,no_trade,392.46,,200000.0,False,flat,0,0,True,False,SELL
aaacbdff4291419e87ad920388d2c0a3,2026-04-14T19:53:31Z,0.3.0,NVDA,macd_pullback,v2,5m,HOLD,no_trade,195.62,,200000.0,False,flat,0,0,True,False,SELL
c51f68eab5e843619e11fca4d2cb8bff,2026-04-14T19:54:32Z,0.3.0,AAPL,macd_pullback,v2,5m,HOLD,no_trade,258.45,,200000.0,False,flat,0,0,True,False,SELL
7631daa9f4c744f88b29bbd712e92446,2026-04-14T19:54:33Z,0.3.0,AMD,macd_pullback,v2,5m,HOLD,no_trade,255.075,,200000.0,False,flat,0,0,True,False,SELL
ceb2afddd6a24781987b19ac6270a117,2026-04-14T19:54:35Z,0.3.0,AMZN,macd_pullback,v2,5m,HOLD,no_trade,248.75,,200000.0,False,flat,0,0,True,False,SELL
8648962073eb462db1d36bf87d2e5845,2026-04-14T19:54:36Z,0.3.0,META,macd_pullback,v2,5m,HOLD,no_trade,661.855,,200000.0,False,flat,0,0,True,False,SELL
a348c7de4e3646de9e74400ee8659f70,2026-04-14T19:54:37Z,0.3.0,MSFT,macd_pullback,v2,5m,HOLD,no_trade,392.43,,200000.0,False,flat,0,0,True,False,SELL
807ea1bae64046c380626d16e11dc3ab,2026-04-14T19:54:39Z,0.3.0,NVDA,macd_pullback,v2,5m,HOLD,no_trade,195.775,,200000.0,False,flat,0,0,True,False,SELL
4c924e71194040d89f131b99a275ba81,2026-04-14T19:55:40Z,0.3.0,AAPL,macd_pullback,v2,5m,HOLD,flatten_window_no_new_entries,258.22,,200000.0,False,flat,0,0,True,False,SELL
aa324eae645b418d9b0099cc892c035b,2026-04-14T19:55:41Z,0.3.0,AMD,macd_pullback,v2,5m,HOLD,flatten_window_no_new_entries,255.1,,200000.0,False,flat,0,0,True,False,SELL
76d949563f60426595f7837900ac215e,2026-04-14T19:55:42Z,0.3.0,AMZN,macd_pullback,v2,5m,HOLD,flatten_window_no_new_entries,248.54,,200000.0,False,flat,0,0,True,False,SELL
dd6d7e05a8f04419af360bb7a18a86ef,2026-04-14T19:55:43Z,0.3.0,META,macd_pullback,v2,5m,HOLD,flatten_window_no_new_entries,662.045,,200000.0,False,flat,0,0,True,False,SELL
bf832b3b797f4c2c806768239b61e37c,2026-04-14T19:55:45Z,0.3.0,MSFT,macd_pullback,v2,5m,HOLD,flatten_window_no_new_entries,392.8,,200000.0,False,flat,0,0,True,False,SELL
8e1e4eaad32a471ea6daf27daa4a49cf,2026-04-14T19:55:46Z,0.3.0,NVDA,macd_pullback,v2,5m,HOLD,flatten_window_no_new_entries,195.945,,200000.0,False,flat,0,0,True,False,SELL
333a1e457c3b4f0d855d3b381db75b90,2026-04-14T19:56:47Z,0.3.0,AAPL,macd_pullback,v2,5m,HOLD,flatten_window_no_new_entries,258.58,,200000.0,False,flat,0,0,True,False,SELL
76c2142533b349229b611c1397768354,2026-04-14T19:56:48Z,0.3.0,AMD,macd_pullback,v2,5m,HOLD,flatten_window_no_new_entries,255.02,,200000.0,False,flat,0,0,True,False,SELL
ff9a700a51ad4e979c663cb14f3e6612,2026-04-14T19:56:50Z,0.3.0,AMZN,macd_pullback,v2,5m,HOLD,flatten_window_no_new_entries,248.94,,200000.0,False,flat,0,0,True,False,SELL
3c2f426ee54144938f32f862da30bac7,2026-04-14T19:56:52Z,0.3.0,META,macd_pullback,v2,5m,HOLD,flatten_window_no_new_entries,662.635,,200000.0,False,flat,0,0,True,False,SELL
921762b25f0e4190bc4c3bddf5e5289e,2026-04-14T19:56:54Z,0.3.0,MSFT,macd_pullback,v2,5m,HOLD,flatten_window_no_new_entries,393.1,,200000.0,False,flat,0,0,True,False,SELL
7ed1bad754304f0391b74ee032a4df8b,2026-04-14T19:56:55Z,0.3.0,NVDA,macd_pullback,v2,5m,HOLD,flatten_window_no_new_entries,196.155,,200000.0,False,flat,0,0,True,False,SELL
bfa543ba9e5d4354bdef3c063d77def6,2026-04-14T19:57:56Z,0.3.0,AAPL,macd_pullback,v2,5m,HOLD,flatten_window_no_new_entries,258.655,,200000.0,False,flat,0,0,True,False,SELL
d7b7cec1af09467ea680ca92f06ffffc,2026-04-14T19:57:57Z,0.3.0,AMD,macd_pullback,v2,5m,HOLD,flatten_window_no_new_entries,255.08,,200000.0,False,flat,0,0,True,False,SELL
d955ec2dc1754ae3b37664d962e5ceca,2026-04-14T19:57:59Z,0.3.0,AMZN,macd_pullback,v2,5m,HOLD,flatten_window_no_new_entries,248.935,,200000.0,False,flat,0,0,True,False,SELL
b0faaa4369db4e2080d92c1f28cfbbcf,2026-04-14T19:58:04Z,0.3.0,META,macd_pullback,v2,5m,HOLD,flatten_window_no_new_entries,662.19,,200000.0,False,flat,0,0,True,False,SELL
640ad8ed0a55449b8534f26114fd18a1,2026-04-14T19:58:05Z,0.3.0,MSFT,macd_pullback,v2,5m,HOLD,flatten_window_no_new_entries,393.18,,200000.0,False,flat,0,0,True,False,SELL
2385af769bcc4620b9711cc71208e107,2026-04-14T19:58:08Z,0.3.0,NVDA,macd_pullback,v2,5m,HOLD,flatten_window_no_new_entries,196.39,,200000.0,False,flat,0,0,True,False,SELL
c973c2f055bd44929739e7d6998124ac,2026-04-14T19:59:09Z,0.3.0,AAPL,macd_pullback,v2,5m,HOLD,flatten_window_no_new_entries,258.75,,200000.0,False,flat,0,0,True,False,SELL
f0022d668be84f5480755feda2b54aea,2026-04-14T19:59:12Z,0.3.0,AMD,macd_pullback,v2,5m,HOLD,flatten_window_no_new_entries,254.94,,200000.0,False,flat,0,0,True,False,SELL
39f6ce40433e4a719639e05c59453618,2026-04-14T19:59:13Z,0.3.0,AMZN,macd_pullback,v2,5m,HOLD,flatten_window_no_new_entries,249.09,,200000.0,False,flat,0,0,True,False,SELL
d1ad4aba1e2c4e8c881c4969da9b68b7,2026-04-14T19:59:14Z,0.3.0,META,macd_pullback,v2,5m,HOLD,flatten_window_no_new_entries,662.42,,200000.0,False,flat,0,0,True,False,SELL
94d0593eec7b4410a364e0b73667206d,2026-04-14T19:59:16Z,0.3.0,MSFT,macd_pullback,v2,5m,HOLD,flatten_window_no_new_entries,393.11,,200000.0,False,flat,0,0,True,False,SELL
4351b14da50f4d44a5f83221f8bc4bce,2026-04-14T19:59:17Z,0.3.0,NVDA,macd_pullback,v2,5m,HOLD,flatten_window_no_new_entries,196.415,,200000.0,False,flat,0,0,True,False,SELL
2db1cb5d114649d7aee28bc89664f6e5,2026-04-14T20:00:18Z,0.3.0,AAPL,macd_pullback,v2,5m,HOLD,market_closed,258.775,,200000.0,False,flat,0,0,False,False,SELL
d27ad1c9a324444380339ea16cdb7687,2026-04-14T20:00:19Z,0.3.0,AMD,macd_pullback,v2,5m,HOLD,market_closed,255.09,,200000.0,False,flat,0,0,False,False,SELL
85f87a5960fc455dab4e884ab2ea9c6d,2026-04-14T20:00:21Z,0.3.0,AMZN,macd_pullback,v2,5m,HOLD,market_closed,249.07,,200000.0,False,flat,0,0,False,False,SELL
abf16763542141f99d520fe577fbba2f,2026-04-14T20:00:22Z,0.3.0,META,macd_pullback,v2,5m,HOLD,market_closed,662.38,,200000.0,False,flat,0,0,False,False,SELL
c99c9d67142149fba2c90c439d274eb7,2026-04-14T20:00:23Z,0.3.0,MSFT,macd_pullback,v2,5m,HOLD,market_closed,393.02,,200000.0,False,flat,0,0,False,False,SELL
1b86cb67162d470a831d412761419446,2026-04-14T20:00:25Z,0.3.0,NVDA,macd_pullback,v2,5m,HOLD,market_closed,196.5,,200000.0,False,flat,0,0,False,False,SELL
b6b96b4a8b494c35967deed8c7668ca7,2026-04-14T20:01:26Z,0.3.0,AAPL,macd_pullback,v2,5m,HOLD,market_closed,258.775,,200000.0,False,flat,0,0,False,False,SELL
d7d568b475ef44d8ba14138a1b9b1a28,2026-04-14T20:01:27Z,0.3.0,AMD,macd_pullback,v2,5m,HOLD,market_closed,255.09,,200000.0,False,flat,0,0,False,False,SELL
969b9a80416f4eafa58ccd1fdd2ef73a,2026-04-14T20:01:28Z,0.3.0,AMZN,macd_pullback,v2,5m,HOLD,market_closed,249.07,,200000.0,False,flat,0,0,False,False,SELL
eb796732dd394a8d8937379021adc0cf,2026-04-14T20:01:29Z,0.3.0,META,macd_pullback,v2,5m,HOLD,market_closed,662.38,,200000.0,False,flat,0,0,False,False,SELL
4a97928c6a4a44eb9962a872acd9237b,2026-04-14T20:01:30Z,0.3.0,MSFT,macd_pullback,v2,5m,HOLD,market_closed,393.02,,200000.0,False,flat,0,0,False,False,SELL
1da7454f9484470987dcfc257d6d749a,2026-04-14T20:01:31Z,0.3.0,NVDA,macd_pullback,v2,5m,HOLD,market_closed,196.5,,200000.0,False,flat,0,0,False,False,SELL
f29ddd70300b438784256ad9a3fb1319,2026-04-14T20:02:32Z,0.3.0,AAPL,macd_pullback,v2,5m,HOLD,market_closed,258.775,,200000.0,False,flat,0,0,False,False,SELL
ca86aa7872a14effba681d8a2aa3be3e,2026-04-14T20:02:33Z,0.3.0,AMD,macd_pullback,v2,5m,HOLD,market_closed,255.09,,200000.0,False,flat,0,0,False,False,SELL
dd057bfa3b7d4465844824ec977bc0aa,2026-04-14T20:02:34Z,0.3.0,AMZN,macd_pullback,v2,5m,HOLD,market_closed,249.07,,200000.0,False,flat,0,0,False,False,SELL
ec63fe735ae743c1a23dbd3fd88f633f,2026-04-14T20:02:35Z,0.3.0,META,macd_pullback,v2,5m,HOLD,market_closed,662.38,,200000.0,False,flat,0,0,False,False,SELL
05cede3c4c084af4ad1dd58caccc47cd,2026-04-14T20:02:36Z,0.3.0,MSFT,macd_pullback,v2,5m,HOLD,market_closed,393.02,,200000.0,False,flat,0,0,False,False,SELL
9dfabb89348c4535b52abef1e19551fb,2026-04-14T20:02:38Z,0.3.0,NVDA,macd_pullback,v2,5m,HOLD,market_closed,196.42,,200000.0,False,flat,0,0,False,False,SELL
92bb9830383445a0bce7ae618fc51e19,2026-04-14T20:03:39Z,0.3.0,AAPL,macd_pullback,v2,5m,HOLD,market_closed,258.775,,200000.0,False,flat,0,0,False,False,SELL
2961b4d9add0457eaa2a38f70dca1c94,2026-04-14T20:03:40Z,0.3.0,AMD,macd_pullback,v2,5m,HOLD,market_closed,255.09,,200000.0,False,flat,0,0,False,False,SELL
ea455aff2aa8414db669a27463933acd,2026-04-14T20:03:41Z,0.3.0,AMZN,macd_pullback,v2,5m,HOLD,market_closed,249.07,,200000.0,False,flat,0,0,False,False,SELL
f7b85ea721ac4266b71d8335f8c91cce,2026-04-14T20:03:42Z,0.3.0,META,macd_pullback,v2,5m,HOLD,market_closed,662.38,,200000.0,False,flat,0,0,False,False,SELL
dabf17431a54464880b705f291d1c475,2026-04-14T20:03:43Z,0.3.0,MSFT,macd_pullback,v2,5m,HOLD,market_closed,392.3,,200000.0,False,flat,0,0,False,False,SELL
05ec89dd47af48528f8cc80685b637af,2026-04-14T20:03:44Z,0.3.0,NVDA,macd_pullback,v2,5m,HOLD,market_closed,196.66,,200000.0,False,flat,0,0,False,False,SELL
610afc04bb01446ab0ae073d60ef306c,2026-04-14T20:04:45Z,0.3.0,AAPL,macd_pullback,v2,5m,HOLD,market_closed,258.775,,200000.0,False,flat,0,0,False,False,SELL
7d23269dbc524926821a8d804b824bc1,2026-04-14T20:04:46Z,0.3.0,AMD,macd_pullback,v2,5m,HOLD,market_closed,255.09,,200000.0,False,flat,0,0,False,False,SELL
92183463a804496bae471c041b31439e,2026-04-14T20:04:47Z,0.3.0,AMZN,macd_pullback,v2,5m,HOLD,market_closed,249.07,,200000.0,False,flat,0,0,False,False,SELL
9f82404283ec4581b53e201075e4ba39,2026-04-14T20:04:48Z,0.3.0,META,macd_pullback,v2,5m,HOLD,market_closed,662.38,,200000.0,False,flat,0,0,False,False,SELL
231aa757034248d9a293fa44001e2806,2026-04-14T20:04:49Z,0.3.0,MSFT,macd_pullback,v2,5m,HOLD,market_closed,392.3,,200000.0,False,flat,0,0,False,False,SELL
b434831983d946adaeb9491660dda0a3,2026-04-14T20:04:50Z,0.3.0,NVDA,macd_pullback,v2,5m,HOLD,market_closed,196.65,,200000.0,False,flat,0,0,False,False,SELL
0d06285e58c9422a82fa84a3f702e2b2,2026-04-14T20:05:51Z,0.3.0,AAPL,macd_pullback,v2,5m,HOLD,market_closed,258.775,,200000.0,False,flat,0,0,False,False,SELL
34c3808fe8754e59bfcfc44b7da7fa5a,2026-04-14T20:05:52Z,0.3.0,AMD,macd_pullback,v2,5m,HOLD,market_closed,255.09,,200000.0,False,flat,0,0,False,False,SELL
200485f6afc641019c7e49dd3946d4be,2026-04-14T20:05:53Z,0.3.0,AMZN,macd_pullback,v2,5m,HOLD,market_closed,249.07,,200000.0,False,flat,0,0,False,False,SELL
024acc6b94e046b4a93d8e1faa96b94d,2026-04-14T20:05:55Z,0.3.0,META,macd_pullback,v2,5m,HOLD,market_closed,662.38,,200000.0,False,flat,0,0,False,False,SELL
91cb54e6092d413d86d6acf6d7b51c9b,2026-04-14T20:05:56Z,0.3.0,MSFT,macd_pullback,v2,5m,HOLD,market_closed,392.3,,200000.0,False,flat,0,0,False,False,SELL
5266addbf1734f35b74b7734d7d88386,2026-04-14T20:05:57Z,0.3.0,NVDA,macd_pullback,v2,5m,HOLD,market_closed,196.65,,200000.0,False,flat,0,0,False,False,SELL
97c7daeb1f0a43509fee98ccc1b929b7,2026-04-14T20:06:58Z,0.3.0,AAPL,macd_pullback,v2,5m,HOLD,market_closed,258.775,,200000.0,False,flat,0,0,False,False,SELL
1043f34293ae44bcb21757e1fcab4d84,2026-04-14T20:06:59Z,0.3.0,AMD,macd_pullback,v2,5m,HOLD,market_closed,255.09,,200000.0,False,flat,0,0,False,False,SELL
2fa802a138c6460cb578d8c926c405bd,2026-04-14T20:07:00Z,0.3.0,AMZN,macd_pullback,v2,5m,HOLD,market_closed,249.07,,200000.0,False,flat,0,0,False,False,SELL
6510378cbc3c476e91a4bc0645d1a617,2026-04-14T20:07:01Z,0.3.0,META,macd_pullback,v2,5m,HOLD,market_closed,662.38,,200000.0,False,flat,0,0,False,False,SELL
e4396635ebbb4aa9899a08057b8dbe26,2026-04-14T20:07:02Z,0.3.0,MSFT,macd_pullback,v2,5m,HOLD,market_closed,392.3,,200000.0,False,flat,0,0,False,False,SELL
4ac4792fd40241abbe8cd2aa07a95f13,2026-04-14T20:07:04Z,0.3.0,NVDA,macd_pullback,v2,5m,HOLD,market_closed,196.65,,200000.0,False,flat,0,0,False,False,SELL
cbedd6f436d74e35893228bc47869611,2026-04-14T20:08:05Z,0.3.0,AAPL,macd_pullback,v2,5m,HOLD,market_closed,258.775,,200000.0,False,flat,0,0,False,False,SELL
62a8f89ad0ec465988e0266ed1daeb82,2026-04-14T20:08:06Z,0.3.0,AMD,macd_pullback,v2,5m,HOLD,market_closed,255.09,,200000.0,False,flat,0,0,False,False,SELL
7afc54f2188b4b98abcff237d284d99e,2026-04-14T20:08:07Z,0.3.0,AMZN,macd_pullback,v2,5m,HOLD,market_closed,249.07,,200000.0,False,flat,0,0,False,False,SELL
e700cc964e0440b5bcf14e66cf534c9f,2026-04-14T20:08:08Z,0.3.0,META,macd_pullback,v2,5m,HOLD,market_closed,662.38,,200000.0,False,flat,0,0,False,False,SELL
645ee37e2ca14eacbab8d7ce0ebea7b5,2026-04-14T20:08:09Z,0.3.0,MSFT,macd_pullback,v2,5m,HOLD,market_closed,392.3,,200000.0,False,flat,0,0,False,False,SELL
ab84701579dd46deb513ec4a09d36869,2026-04-14T20:08:10Z,0.3.0,NVDA,macd_pullback,v2,5m,HOLD,market_closed,196.65,,200000.0,False,flat,0,0,False,False,SELL
be54d784f20545738c9f37059f6de46c,2026-04-14T20:09:11Z,0.3.0,AAPL,macd_pullback,v2,5m,HOLD,market_closed,258.775,,200000.0,False,flat,0,0,False,False,SELL
54815e22a30840809bbb263d7ce8141b,2026-04-14T20:09:12Z,0.3.0,AMD,macd_pullback,v2,5m,HOLD,market_closed,255.09,,200000.0,False,flat,0,0,False,False,SELL
828d1549599b4fc5a53129b7f458c124,2026-04-14T20:09:13Z,0.3.0,AMZN,macd_pullback,v2,5m,HOLD,market_closed,249.07,,200000.0,False,flat,0,0,False,False,SELL
e7f8c321edf641048da19a090f747963,2026-04-14T20:09:14Z,0.3.0,META,macd_pullback,v2,5m,HOLD,market_closed,662.38,,200000.0,False,flat,0,0,False,False,SELL
99aa1ee6a9d244888791779051241fd8,2026-04-14T20:09:15Z,0.3.0,MSFT,macd_pullback,v2,5m,HOLD,market_closed,392.3,,200000.0,False,flat,0,0,False,False,SELL
bba62d2d76234b96bd44f719d870aa6a,2026-04-14T20:09:16Z,0.3.0,NVDA,macd_pullback,v2,5m,HOLD,market_closed,196.65,,200000.0,False,flat,0,0,False,False,SELL
3424a3fa2f8a4fcb85fbd3b028545d10,2026-04-14T20:10:18Z,0.3.0,AAPL,macd_pullback,v2,5m,HOLD,market_closed,258.71,,200000.0,False,flat,0,0,False,False,SELL
3fcd02d72c474eab9f19fefe9f9c3505,2026-04-14T20:10:18Z,0.3.0,AMD,macd_pullback,v2,5m,HOLD,market_closed,255.09,,200000.0,False,flat,0,0,False,False,SELL
1a37984b3bf2438f83818a3c66c0c13d,2026-04-14T20:10:19Z,0.3.0,AMZN,macd_pullback,v2,5m,HOLD,market_closed,249.07,,200000.0,False,flat,0,0,False,False,SELL
ca91d2ced39f4566a2fbddfc42af830a,2026-04-14T20:10:21Z,0.3.0,META,macd_pullback,v2,5m,HOLD,market_closed,662.38,,200000.0,False,flat,0,0,False,False,SELL
97f4cd4eda5e4959b1195747a8487ef3,2026-04-14T20:10:22Z,0.3.0,MSFT,macd_pullback,v2,5m,HOLD,market_closed,392.3,,200000.0,False,flat,0,0,False,False,SELL
00e0624d01c446c8828835a7a6907640,2026-04-14T20:10:23Z,0.3.0,NVDA,macd_pullback,v2,5m,HOLD,market_closed,196.65,,200000.0,False,flat,0,0,False,False,SELL
2f8e5f63485347d6ac77cb3b706262cd,2026-04-14T20:11:24Z,0.3.0,AAPL,macd_pullback,v2,5m,HOLD,market_closed,258.71,,200000.0,False,flat,0,0,False,False,SELL
f32b1334b2784efd8e90a15eb5278adb,2026-04-14T20:11:25Z,0.3.0,AMD,macd_pullback,v2,5m,HOLD,market_closed,255.09,,200000.0,False,flat,0,0,False,False,SELL
dccc3e0528ef488e89e0f72c09bbebed,2026-04-14T20:11:26Z,0.3.0,AMZN,macd_pullback,v2,5m,HOLD,market_closed,249.07,,200000.0,False,flat,0,0,False,False,SELL
353adc92045a42d89b2bb2f1019fdf2a,2026-04-14T20:11:27Z,0.3.0,META,macd_pullback,v2,5m,HOLD,market_closed,662.38,,200000.0,False,flat,0,0,False,False,SELL
f87b625204dd45698d314e16bf56a373,2026-04-14T20:11:28Z,0.3.0,MSFT,macd_pullback,v2,5m,HOLD,market_closed,392.3,,200000.0,False,flat,0,0,False,False,SELL
41365d2b3059422f99b4e425189df9d7,2026-04-14T20:11:29Z,0.3.0,NVDA,macd_pullback,v2,5m,HOLD,market_closed,196.65,,200000.0,False,flat,0,0,False,False,SELL
f405c9e0265141609ef15ff4c4e992af,2026-04-14T20:12:30Z,0.3.0,AAPL,macd_pullback,v2,5m,HOLD,market_closed,258.71,,200000.0,False,flat,0,0,False,False,SELL
c994576c4e344db69c9cd9565cd686f7,2026-04-14T20:12:31Z,0.3.0,AMD,macd_pullback,v2,5m,HOLD,market_closed,255.09,,200000.0,False,flat,0,0,False,False,SELL
cf0eb95cba4c4bd1a68c6452313a4e70,2026-04-14T20:12:33Z,0.3.0,AMZN,macd_pullback,v2,5m,HOLD,market_closed,249.07,,200000.0,False,flat,0,0,False,False,SELL
2a305f99d17a42a0b42e92080221241a,2026-04-14T20:12:34Z,0.3.0,META,macd_pullback,v2,5m,HOLD,market_closed,662.38,,200000.0,False,flat,0,0,False,False,SELL
0feb8b09999a4aaab630cf0e7d255ee2,2026-04-14T20:12:35Z,0.3.0,MSFT,macd_pullback,v2,5m,HOLD,market_closed,392.3,,200000.0,False,flat,0,0,False,False,SELL
0950c628771f4e11b07af9a19d3191d1,2026-04-14T20:12:36Z,0.3.0,NVDA,macd_pullback,v2,5m,HOLD,market_closed,196.65,,200000.0,False,flat,0,0,False,False,SELL
59650a1ed1c94b49af2779cc3b54067c,2026-04-14T20:13:37Z,0.3.0,AAPL,macd_pullback,v2,5m,HOLD,market_closed,258.71,,200000.0,False,flat,0,0,False,False,SELL
c2147f4fb5df4f499374c51ce52b795a,2026-04-14T20:13:38Z,0.3.0,AMD,macd_pullback,v2,5m,HOLD,market_closed,255.09,,200000.0,False,flat,0,0,False,False,SELL
054bde9ae6f4458494646eea1febc351,2026-04-14T20:13:39Z,0.3.0,AMZN,macd_pullback,v2,5m,HOLD,market_closed,249.07,,200000.0,False,flat,0,0,False,False,SELL
e8facdb85fff4c98aa4643bccdb2803f,2026-04-14T20:13:40Z,0.3.0,META,macd_pullback,v2,5m,HOLD,market_closed,662.38,,200000.0,False,flat,0,0,False,False,SELL
7f7282b86273405c8cb170e37434df15,2026-04-14T20:13:41Z,0.3.0,MSFT,macd_pullback,v2,5m,HOLD,market_closed,392.3,,200000.0,False,flat,0,0,False,False,SELL
a47b198c2508433db580f2b883ee6545,2026-04-14T20:13:42Z,0.3.0,NVDA,macd_pullback,v2,5m,HOLD,market_closed,196.65,,200000.0,False,flat,0,0,False,False,SELL
9de5603d5c224b4381db46d71d6e9ac5,2026-04-14T20:14:43Z,0.3.0,AAPL,macd_pullback,v2,5m,HOLD,market_closed,258.71,,200000.0,False,flat,0,0,False,False,SELL
ecad65b36c604ac0ac937759154a975e,2026-04-14T20:14:44Z,0.3.0,AMD,macd_pullback,v2,5m,HOLD,market_closed,255.09,,200000.0,False,flat,0,0,False,False,SELL
8683be6a86d44fdd96d0fd8376226c73,2026-04-14T20:14:45Z,0.3.0,AMZN,macd_pullback,v2,5m,HOLD,market_closed,249.07,,200000.0,False,flat,0,0,False,False,SELL
28b85ed8db754acbb01692d99119af38,2026-04-14T20:14:46Z,0.3.0,META,macd_pullback,v2,5m,HOLD,market_closed,662.38,,200000.0,False,flat,0,0,False,False,SELL
e23ba559919e49d891c4056db0155310,2026-04-14T20:14:47Z,0.3.0,MSFT,macd_pullback,v2,5m,HOLD,market_closed,392.3,,200000.0,False,flat,0,0,False,False,SELL
de0809d844c044e0a3282c1a9f174f54,2026-04-14T20:14:48Z,0.3.0,NVDA,macd_pullback,v2,5m,HOLD,market_closed,196.65,,200000.0,False,flat,0,0,False,False,SELL
9da1b196102e4d96accb879ddd740df8,2026-04-14T20:15:49Z,0.3.0,AAPL,macd_pullback,v2,5m,HOLD,market_closed,258.71,,200000.0,False,flat,0,0,False,False,SELL
df6f46dbb1a44f8b806df79435a57b4a,2026-04-14T20:15:50Z,0.3.0,AMD,macd_pullback,v2,5m,HOLD,market_closed,255.09,,200000.0,False,flat,0,0,False,False,SELL
7d65df17148b42e7ad0cd677acaa9710,2026-04-14T20:15:51Z,0.3.0,AMZN,macd_pullback,v2,5m,HOLD,market_closed,249.07,,200000.0,False,flat,0,0,False,False,SELL
96a86c79e8b94376a56bfecc4e816d43,2026-04-14T20:15:52Z,0.3.0,META,macd_pullback,v2,5m,HOLD,market_closed,662.38,,200000.0,False,flat,0,0,False,False,SELL
8b333e2f6fb5466bac1ca8a242a86c04,2026-04-14T20:15:53Z,0.3.0,MSFT,macd_pullback,v2,5m,HOLD,market_closed,392.3,,200000.0,False,flat,0,0,False,False,SELL
1363e8d67cc44b4b91711df1c508dd0a,2026-04-14T20:15:54Z,0.3.0,NVDA,macd_pullback,v2,5m,HOLD,market_closed,196.65,,200000.0,False,flat,0,0,False,False,SELL
dc0b7ee51fbb48b2acf7f67f1e3db299,2026-04-14T20:16:56Z,0.3.0,AAPL,macd_pullback,v2,5m,HOLD,market_closed,258.71,,200000.0,False,flat,0,0,False,False,SELL
393ecfea6871405f954167e5a48dee07,2026-04-14T20:16:57Z,0.3.0,AMD,macd_pullback,v2,5m,HOLD,market_closed,255.09,,200000.0,False,flat,0,0,False,False,SELL
6e754ff144d64a02a857224031cff867,2026-04-14T20:16:58Z,0.3.0,AMZN,macd_pullback,v2,5m,HOLD,market_closed,249.07,,200000.0,False,flat,0,0,False,False,SELL
1dcc5128ed324366a4d99db2c6635a91,2026-04-14T20:16:59Z,0.3.0,META,macd_pullback,v2,5m,HOLD,market_closed,662.38,,200000.0,False,flat,0,0,False,False,SELL
073afa93aae346cdb259b700bd36a0ea,2026-04-14T20:17:00Z,0.3.0,MSFT,macd_pullback,v2,5m,HOLD,market_closed,392.3,,200000.0,False,flat,0,0,False,False,SELL
df1f479eba24475f80416c217b9e9ec8,2026-04-14T20:17:01Z,0.3.0,NVDA,macd_pullback,v2,5m,HOLD,market_closed,196.65,,200000.0,False,flat,0,0,False,False,SELL
c477d7f393d649b7823b21bfadbb720f,2026-04-14T20:18:02Z,0.3.0,AAPL,macd_pullback,v2,5m,HOLD,market_closed,258.71,,200000.0,False,flat,0,0,False,False,SELL
b1f82e79f54f4523b1ae1a5619ce3cd3,2026-04-14T20:18:03Z,0.3.0,AMD,macd_pullback,v2,5m,HOLD,market_closed,255.09,,200000.0,False,flat,0,0,False,False,SELL
7353abaf75d848d19ef74f5819db8374,2026-04-14T20:18:04Z,0.3.0,AMZN,macd_pullback,v2,5m,HOLD,market_closed,249.07,,200000.0,False,flat,0,0,False,False,SELL
4b066d83aaf840dfb3ca0e21f0dcbac2,2026-04-14T20:18:05Z,0.3.0,META,macd_pullback,v2,5m,HOLD,market_closed,662.38,,200000.0,False,flat,0,0,False,False,SELL
0be54445210d4e9d9f73a3a10b3973a4,2026-04-14T20:18:06Z,0.3.0,MSFT,macd_pullback,v2,5m,HOLD,market_closed,392.3,,200000.0,False,flat,0,0,False,False,SELL
63a03977be1e457fa0d801f0fb918736,2026-04-14T20:18:07Z,0.3.0,NVDA,macd_pullback,v2,5m,HOLD,market_closed,196.65,,200000.0,False,flat,0,0,False,False,SELL
d81c2d14104d46519e772a4584399c04,2026-04-14T20:19:08Z,0.3.0,AAPL,macd_pullback,v2,5m,HOLD,market_closed,258.71,,200000.0,False,flat,0,0,False,False,SELL
d881ddb63e9a47649f28379836a69e34,2026-04-14T20:19:09Z,0.3.0,AMD,macd_pullback,v2,5m,HOLD,market_closed,255.09,,200000.0,False,flat,0,0,False,False,SELL
06129e68c37944f69e4f91824927c99a,2026-04-14T20:19:10Z,0.3.0,AMZN,macd_pullback,v2,5m,HOLD,market_closed,249.07,,200000.0,False,flat,0,0,False,False,SELL
b0418a15928041a68ec5d9e2be70a811,2026-04-14T20:19:11Z,0.3.0,META,macd_pullback,v2,5m,HOLD,market_closed,662.38,,200000.0,False,flat,0,0,False,False,SELL
cd89af469071462d98b99fe5638175ca,2026-04-14T20:19:13Z,0.3.0,MSFT,macd_pullback,v2,5m,HOLD,market_closed,392.3,,200000.0,False,flat,0,0,False,False,SELL
9b51e12aba5b486483dfd98eea60c6cd,2026-04-14T20:19:14Z,0.3.0,NVDA,macd_pullback,v2,5m,HOLD,market_closed,196.65,,200000.0,False,flat,0,0,False,False,SELL
dad73685e8ec4d578c91c0000a4239f5,2026-04-14T20:20:15Z,0.3.0,AAPL,macd_pullback,v2,5m,HOLD,market_closed,258.71,,200000.0,False,flat,0,0,False,False,SELL
28545e61b55c42c39da92efacb60aafe,2026-04-14T20:20:16Z,0.3.0,AMD,macd_pullback,v2,5m,HOLD,market_closed,255.09,,200000.0,False,flat,0,0,False,False,SELL
5d2e627a01604a2e8216200dab134222,2026-04-14T20:20:17Z,0.3.0,AMZN,macd_pullback,v2,5m,HOLD,market_closed,249.07,,200000.0,False,flat,0,0,False,False,SELL
a1f5c67b11634866b060e5a06fecb57a,2026-04-14T20:20:18Z,0.3.0,META,macd_pullback,v2,5m,HOLD,market_closed,662.38,,200000.0,False,flat,0,0,False,False,SELL
af474298abcf44a584651cc8a229fbe9,2026-04-14T20:20:19Z,0.3.0,MSFT,macd_pullback,v2,5m,HOLD,market_closed,392.3,,200000.0,False,flat,0,0,False,False,SELL
a8689ef248864ef292d0ef32aa526372,2026-04-14T20:20:20Z,0.3.0,NVDA,macd_pullback,v2,5m,HOLD,market_closed,196.65,,200000.0,False,flat,0,0,False,False,SELL
f270f3f7ba114100a1ae609317860f7d,2026-04-14T20:21:21Z,0.3.0,AAPL,macd_pullback,v2,5m,HOLD,market_closed,258.71,,200000.0,False,flat,0,0,False,False,SELL
95a1918f4c1547b2a00e8dcc632f0768,2026-04-14T20:21:22Z,0.3.0,AMD,macd_pullback,v2,5m,HOLD,market_closed,255.09,,200000.0,False,flat,0,0,False,False,SELL
83a0fb85def14d18ae580489d4ddd2fe,2026-04-14T20:21:23Z,0.3.0,AMZN,macd_pullback,v2,5m,HOLD,market_closed,249.07,,200000.0,False,flat,0,0,False,False,SELL
565062948cfd4a948501888c1efa9264,2026-04-14T20:21:24Z,0.3.0,META,macd_pullback,v2,5m,HOLD,market_closed,662.38,,200000.0,False,flat,0,0,False,False,SELL
ebb50e7abec44ac582a6a7b6ff395648,2026-04-14T20:21:25Z,0.3.0,MSFT,macd_pullback,v2,5m,HOLD,market_closed,392.3,,200000.0,False,flat,0,0,False,False,SELL
9b06863650b54e42a27c1b63356f6c8f,2026-04-14T20:21:26Z,0.3.0,NVDA,macd_pullback,v2,5m,HOLD,market_closed,196.65,,200000.0,False,flat,0,0,False,False,SELL
ccb0104150a8439db548a8833dd36a2c,2026-04-14T20:22:27Z,0.3.0,AAPL,macd_pullback,v2,5m,HOLD,market_closed,258.71,,200000.0,False,flat,0,0,False,False,SELL
add87e549cb44454aa2e32a1055f0744,2026-04-14T20:22:28Z,0.3.0,AMD,macd_pullback,v2,5m,HOLD,market_closed,255.09,,200000.0,False,flat,0,0,False,False,SELL
47f2fbbfe8974a91a9bb74119c18061b,2026-04-14T20:22:29Z,0.3.0,AMZN,macd_pullback,v2,5m,HOLD,market_closed,249.07,,200000.0,False,flat,0,0,False,False,SELL
bb70675695fa4c409d5007f852efde2d,2026-04-14T20:22:30Z,0.3.0,META,macd_pullback,v2,5m,HOLD,market_closed,662.38,,200000.0,False,flat,0,0,False,False,SELL
2876e84c43314072b2e48c315d6458e5,2026-04-14T20:22:31Z,0.3.0,MSFT,macd_pullback,v2,5m,HOLD,market_closed,392.3,,200000.0,False,flat,0,0,False,False,SELL
3645254d86394f22bf963df09a3f3f0c,2026-04-14T20:22:33Z,0.3.0,NVDA,macd_pullback,v2,5m,HOLD,market_closed,196.65,,200000.0,False,flat,0,0,False,False,SELL
5e9ad4957dd94513bd4bf220c225331c,2026-04-14T20:23:34Z,0.3.0,AAPL,macd_pullback,v2,5m,HOLD,market_closed,258.71,,200000.0,False,flat,0,0,False,False,SELL
4c58542feb6a4e11bb2c45fdd3ae5333,2026-04-14T20:23:35Z,0.3.0,AMD,macd_pullback,v2,5m,HOLD,market_closed,255.09,,200000.0,False,flat,0,0,False,False,SELL
927c38fd5712401aae3155a53f099982,2026-04-14T20:23:36Z,0.3.0,AMZN,macd_pullback,v2,5m,HOLD,market_closed,248.8,,200000.0,False,flat,0,0,False,False,SELL
afd6bdbdb14d4d9595130ed53a747f83,2026-04-14T20:23:37Z,0.3.0,META,macd_pullback,v2,5m,HOLD,market_closed,662.38,,200000.0,False,flat,0,0,False,False,SELL
2f4a6c7297f349b7a07e12ac40201be0,2026-04-14T20:23:38Z,0.3.0,MSFT,macd_pullback,v2,5m,HOLD,market_closed,392.3,,200000.0,False,flat,0,0,False,False,SELL
63676fd490d84b7e998f3f6ff787c0e8,2026-04-14T20:23:39Z,0.3.0,NVDA,macd_pullback,v2,5m,HOLD,market_closed,196.58,,200000.0,False,flat,0,0,False,False,SELL
edcc75c31a234d0585df77432d46798c,2026-04-14T20:24:40Z,0.3.0,AAPL,macd_pullback,v2,5m,HOLD,market_closed,258.71,,200000.0,False,flat,0,0,False,False,SELL
db38da43f0d745e7a2f6e40155e8cdf4,2026-04-14T20:24:41Z,0.3.0,AMD,macd_pullback,v2,5m,HOLD,market_closed,255.09,,200000.0,False,flat,0,0,False,False,SELL
ffb95787bb32457895e1d0d2928d74f5,2026-04-14T20:24:42Z,0.3.0,AMZN,macd_pullback,v2,5m,HOLD,market_closed,248.8,,200000.0,False,flat,0,0,False,False,SELL
2f62af49ef6047dd93119ecdb6215f5c,2026-04-14T20:24:43Z,0.3.0,META,macd_pullback,v2,5m,HOLD,market_closed,662.38,,200000.0,False,flat,0,0,False,False,SELL
1f209fc5b2d34abbb3955f3e7739a0ed,2026-04-14T20:24:44Z,0.3.0,MSFT,macd_pullback,v2,5m,HOLD,market_closed,392.3,,200000.0,False,flat,0,0,False,False,SELL
6a48d01e5945481190f9ae45706eee7e,2026-04-14T20:24:45Z,0.3.0,NVDA,macd_pullback,v2,5m,HOLD,market_closed,196.58,,200000.0,False,flat,0,0,False,False,SELL
e2084fd688db4e639aee0c4b516dc938,2026-04-14T20:25:46Z,0.3.0,AAPL,macd_pullback,v2,5m,HOLD,market_closed,258.71,,200000.0,False,flat,0,0,False,False,SELL
248c6605e2874307bf4eba72855b828f,2026-04-14T20:25:47Z,0.3.0,AMD,macd_pullback,v2,5m,HOLD,market_closed,255.09,,200000.0,False,flat,0,0,False,False,SELL
6f9941d9cb3440fc9ea069564f7ace6d,2026-04-14T20:25:48Z,0.3.0,AMZN,macd_pullback,v2,5m,HOLD,market_closed,248.8,,200000.0,False,flat,0,0,False,False,SELL
ef941d41e21f4cb78de10a43c399f019,2026-04-14T20:25:49Z,0.3.0,META,macd_pullback,v2,5m,HOLD,market_closed,662.38,,200000.0,False,flat,0,0,False,False,SELL
9237874b36e2427c835be588e62c7a5d,2026-04-14T20:25:50Z,0.3.0,MSFT,macd_pullback,v2,5m,HOLD,market_closed,392.3,,200000.0,False,flat,0,0,False,False,SELL
3bc3e2ba3835484cb7527f7cc7f3b0fc,2026-04-14T20:25:51Z,0.3.0,NVDA,macd_pullback,v2,5m,HOLD,market_closed,196.45,,200000.0,False,flat,0,0,False,False,SELL
d4bbe755b2a349ff85cc86c3f447bcb9,2026-04-14T20:26:53Z,0.3.0,AAPL,macd_pullback,v2,5m,HOLD,market_closed,258.71,,200000.0,False,flat,0,0,False,False,SELL
63e39c0dfaec4433b7af16e65546c29e,2026-04-14T20:26:54Z,0.3.0,AMD,macd_pullback,v2,5m,HOLD,market_closed,255.09,,200000.0,False,flat,0,0,False,False,SELL
992844e8367645f7b910d3330be6da47,2026-04-14T20:26:55Z,0.3.0,AMZN,macd_pullback,v2,5m,HOLD,market_closed,248.8,,200000.0,False,flat,0,0,False,False,SELL
45576567e7f04478a8a0f8f5b1655a00,2026-04-14T20:26:56Z,0.3.0,META,macd_pullback,v2,5m,HOLD,market_closed,662.38,,200000.0,False,flat,0,0,False,False,SELL
7750a96696384aa396cd679dfabb2720,2026-04-14T20:26:57Z,0.3.0,MSFT,macd_pullback,v2,5m,HOLD,market_closed,392.3,,200000.0,False,flat,0,0,False,False,SELL
d1841845ccb44623ae9ba5f73066cc10,2026-04-14T20:26:58Z,0.3.0,NVDA,macd_pullback,v2,5m,HOLD,market_closed,196.45,,200000.0,False,flat,0,0,False,False,SELL
8093891d77cf4707bf058bd8c849fb96,2026-04-14T20:27:59Z,0.3.0,AAPL,macd_pullback,v2,5m,HOLD,market_closed,258.71,,200000.0,False,flat,0,0,False,False,SELL
173c8f9d793442de9def18cabcf89cd5,2026-04-14T20:28:00Z,0.3.0,AMD,macd_pullback,v2,5m,HOLD,market_closed,255.09,,200000.0,False,flat,0,0,False,False,SELL
1a34613196414e03b73b72849a79f0b2,2026-04-14T20:28:01Z,0.3.0,AMZN,macd_pullback,v2,5m,HOLD,market_closed,248.8,,200000.0,False,flat,0,0,False,False,SELL
cf641e0c02f04a879e72787fde6adbbe,2026-04-14T20:28:02Z,0.3.0,META,macd_pullback,v2,5m,HOLD,market_closed,662.38,,200000.0,False,flat,0,0,False,False,SELL
07c4a3045d4c47929f1adf3b64382a99,2026-04-14T20:28:03Z,0.3.0,MSFT,macd_pullback,v2,5m,HOLD,market_closed,392.3,,200000.0,False,flat,0,0,False,False,SELL
d0a27f7d8e264f76b0f878697bf7f50a,2026-04-14T20:28:04Z,0.3.0,NVDA,macd_pullback,v2,5m,HOLD,market_closed,196.49,,200000.0,False,flat,0,0,False,False,SELL
a71fbe23b18b4ffc86cba0774259a015,2026-04-14T20:29:05Z,0.3.0,AAPL,macd_pullback,v2,5m,HOLD,market_closed,258.71,,200000.0,False,flat,0,0,False,False,SELL
e0420a72c2044f4bbda385de58a414ee,2026-04-14T20:29:06Z,0.3.0,AMD,macd_pullback,v2,5m,HOLD,market_closed,255.09,,200000.0,False,flat,0,0,False,False,SELL
5635220bf93e4771b0906c9d51909b19,2026-04-14T20:29:07Z,0.3.0,AMZN,macd_pullback,v2,5m,HOLD,market_closed,248.8,,200000.0,False,flat,0,0,False,False,SELL
69203a43a27b4a108eb820a3098b063a,2026-04-14T20:29:08Z,0.3.0,META,macd_pullback,v2,5m,HOLD,market_closed,662.38,,200000.0,False,flat,0,0,False,False,SELL
80e2a6dc85d2488dbf7dc1fa91b39e15,2026-04-14T20:29:09Z,0.3.0,MSFT,macd_pullback,v2,5m,HOLD,market_closed,392.3,,200000.0,False,flat,0,0,False,False,SELL
74d1b964d1ea479ebcee44b24c25444d,2026-04-14T20:29:10Z,0.3.0,NVDA,macd_pullback,v2,5m,HOLD,market_closed,196.49,,200000.0,False,flat,0,0,False,False,SELL
bf3ecaf47d0b47fd85a3ec0d89b1ce05,2026-04-14T20:30:11Z,0.3.0,AAPL,macd_pullback,v2,5m,HOLD,market_closed,258.71,,200000.0,False,flat,0,0,False,False,SELL
34c4a09886e740a2b1fd5e078782e9c7,2026-04-14T20:30:12Z,0.3.0,AMD,macd_pullback,v2,5m,HOLD,market_closed,255.09,,200000.0,False,flat,0,0,False,False,SELL
05402c9f1ac84b729b36e8424aa1bd07,2026-04-14T20:30:13Z,0.3.0,AMZN,macd_pullback,v2,5m,HOLD,market_closed,248.8,,200000.0,False,flat,0,0,False,False,SELL
1c783a86f218439aa4f97c5968f2df1a,2026-04-14T20:30:14Z,0.3.0,META,macd_pullback,v2,5m,HOLD,market_closed,662.38,,200000.0,False,flat,0,0,False,False,SELL
5e1c673529fc44079d19c46d8942b966,2026-04-14T20:30:15Z,0.3.0,MSFT,macd_pullback,v2,5m,HOLD,market_closed,392.3,,200000.0,False,flat,0,0,False,False,SELL
2b8530ceec6c4ee28e588d6296df5614,2026-04-14T20:30:18Z,0.3.0,NVDA,macd_pullback,v2,5m,HOLD,market_closed,196.49,,200000.0,False,flat,0,0,False,False,SELL
0a3681f351564688a7d2a3f6ee8d5d37,2026-04-14T20:31:19Z,0.3.0,AAPL,macd_pullback,v2,5m,HOLD,market_closed,258.71,,200000.0,False,flat,0,0,False,False,SELL
8bb2796ab4144011b3cbd65ae1ceada9,2026-04-14T20:31:20Z,0.3.0,AMD,macd_pullback,v2,5m,HOLD,market_closed,255.09,,200000.0,False,flat,0,0,False,False,SELL
5a8e5572c4d843ed83534a02a9789d46,2026-04-14T20:31:21Z,0.3.0,AMZN,macd_pullback,v2,5m,HOLD,market_closed,248.8,,200000.0,False,flat,0,0,False,False,SELL
6ddc922260724ec5977ad0dcac21aae9,2026-04-14T20:31:22Z,0.3.0,META,macd_pullback,v2,5m,HOLD,market_closed,662.38,,200000.0,False,flat,0,0,False,False,SELL
dc0c4280ffbf4fdca187be48f417ce80,2026-04-14T20:31:23Z,0.3.0,MSFT,macd_pullback,v2,5m,HOLD,market_closed,392.3,,200000.0,False,flat,0,0,False,False,SELL
f99eb095f9a7445cb5fd293f72e8bbc8,2026-04-14T20:31:24Z,0.3.0,NVDA,macd_pullback,v2,5m,HOLD,market_closed,196.49,,200000.0,False,flat,0,0,False,False,SELL
900634c8ab6d47b3b80be0970b207a65,2026-04-14T20:32:25Z,0.3.0,AAPL,macd_pullback,v2,5m,HOLD,market_closed,258.71,,200000.0,False,flat,0,0,False,False,SELL
658643974e254ee7a321268e62d07767,2026-04-14T20:32:26Z,0.3.0,AMD,macd_pullback,v2,5m,HOLD,market_closed,255.09,,200000.0,False,flat,0,0,False,False,SELL
5368c91972484f72afdf126dffb173b1,2026-04-14T20:32:27Z,0.3.0,AMZN,macd_pullback,v2,5m,HOLD,market_closed,248.8,,200000.0,False,flat,0,0,False,False,SELL
1bf7fb7d25304f97b79077cc4664eba7,2026-04-14T20:32:28Z,0.3.0,META,macd_pullback,v2,5m,HOLD,market_closed,662.38,,200000.0,False,flat,0,0,False,False,SELL
35d15c21ea5b40fc8069de21e94f6058,2026-04-14T20:32:29Z,0.3.0,MSFT,macd_pullback,v2,5m,HOLD,market_closed,392.3,,200000.0,False,flat,0,0,False,False,SELL
4a1848973879489ab78b18e64a24cf6d,2026-04-14T20:32:30Z,0.3.0,NVDA,macd_pullback,v2,5m,HOLD,market_closed,196.49,,200000.0,False,flat,0,0,False,False,SELL
da82321cd4304c39a9236e7768d969d8,2026-04-14T20:33:31Z,0.3.0,AAPL,macd_pullback,v2,5m,HOLD,market_closed,258.71,,200000.0,False,flat,0,0,False,False,SELL
6a3a5c14d61f4549be721350d39b4cc9,2026-04-14T20:33:32Z,0.3.0,AMD,macd_pullback,v2,5m,HOLD,market_closed,255.09,,200000.0,False,flat,0,0,False,False,SELL
752557e6869c48569674abfc0d014be8,2026-04-14T20:33:33Z,0.3.0,AMZN,macd_pullback,v2,5m,HOLD,market_closed,248.85,,200000.0,False,flat,0,0,False,False,SELL
6d97dd82cfc74ad0a02350f459991e2a,2026-04-14T20:33:34Z,0.3.0,META,macd_pullback,v2,5m,HOLD,market_closed,662.38,,200000.0,False,flat,0,0,False,False,SELL
fb002e4eb74d46eaa26ee73af71b6727,2026-04-14T20:33:35Z,0.3.0,MSFT,macd_pullback,v2,5m,HOLD,market_closed,392.3,,200000.0,False,flat,0,0,False,False,SELL
8d0f144afb6e4990b17acb7dcb09f358,2026-04-14T20:33:36Z,0.3.0,NVDA,macd_pullback,v2,5m,HOLD,market_closed,196.49,,200000.0,False,flat,0,0,False,False,SELL
c6615dd0a5474bb888b3b3d0d130edb4,2026-04-14T20:34:37Z,0.3.0,AAPL,macd_pullback,v2,5m,HOLD,market_closed,258.71,,200000.0,False,flat,0,0,False,False,SELL
f5436f3c843440cfbf5c83ab531b404c,2026-04-14T20:34:38Z,0.3.0,AMD,macd_pullback,v2,5m,HOLD,market_closed,255.09,,200000.0,False,flat,0,0,False,False,SELL
f03f5c4157044c08bf0dacf97be5744a,2026-04-14T20:34:39Z,0.3.0,AMZN,macd_pullback,v2,5m,HOLD,market_closed,248.8,,200000.0,False,flat,0,0,False,False,SELL
b1dd8bde8b6a4e788a3954209e7d9512,2026-04-14T20:34:40Z,0.3.0,META,macd_pullback,v2,5m,HOLD,market_closed,662.38,,200000.0,False,flat,0,0,False,False,SELL
58b8c2b425314a6dbe0e27de702f50b1,2026-04-14T20:34:41Z,0.3.0,MSFT,macd_pullback,v2,5m,HOLD,market_closed,392.3,,200000.0,False,flat,0,0,False,False,SELL
4e525dbccf2b4954b3ada73c5321304c,2026-04-14T20:34:42Z,0.3.0,NVDA,macd_pullback,v2,5m,HOLD,market_closed,196.49,,200000.0,False,flat,0,0,False,False,SELL
fbb2ca4b71194cf1bec58609ccfb9f16,2026-04-14T20:35:43Z,0.3.0,AAPL,macd_pullback,v2,5m,HOLD,market_closed,258.71,,200000.0,False,flat,0,0,False,False,SELL
5b7e1b67cc274430862b5f8ae378ced8,2026-04-14T20:35:44Z,0.3.0,AMD,macd_pullback,v2,5m,HOLD,market_closed,255.09,,200000.0,False,flat,0,0,False,False,SELL
9392e7fdaa524c2dbdf3865b082e5572,2026-04-14T20:35:45Z,0.3.0,AMZN,macd_pullback,v2,5m,HOLD,market_closed,248.8,,200000.0,False,flat,0,0,False,False,SELL
f4b3cf061634419ab2a71a4325058306,2026-04-14T20:35:46Z,0.3.0,META,macd_pullback,v2,5m,HOLD,market_closed,662.38,,200000.0,False,flat,0,0,False,False,SELL
9b967b10de8d4b069e3c825fa4482940,2026-04-14T20:35:48Z,0.3.0,MSFT,macd_pullback,v2,5m,HOLD,market_closed,392.3,,200000.0,False,flat,0,0,False,False,SELL
c857cc51587c4396a618dffb89102fdd,2026-04-14T20:35:49Z,0.3.0,NVDA,macd_pullback,v2,5m,HOLD,market_closed,196.49,,200000.0,False,flat,0,0,False,False,SELL
6301b0a6911c488f961878959ed15c13,2026-04-14T20:36:50Z,0.3.0,AAPL,macd_pullback,v2,5m,HOLD,market_closed,258.71,,200000.0,False,flat,0,0,False,False,SELL
346d1e40a8fb41059f80a59714deba17,2026-04-14T20:36:51Z,0.3.0,AMD,macd_pullback,v2,5m,HOLD,market_closed,255.09,,200000.0,False,flat,0,0,False,False,SELL
175a429bae0843c3b42b5d504b8087f5,2026-04-14T20:36:52Z,0.3.0,AMZN,macd_pullback,v2,5m,HOLD,market_closed,248.8,,200000.0,False,flat,0,0,False,False,SELL
0d2a4f6a46d347bca91941c872f9e653,2026-04-14T20:36:53Z,0.3.0,META,macd_pullback,v2,5m,HOLD,market_closed,662.38,,200000.0,False,flat,0,0,False,False,SELL
34d1657067294a45acea600739b6c8c9,2026-04-14T20:36:54Z,0.3.0,MSFT,macd_pullback,v2,5m,HOLD,market_closed,392.3,,200000.0,False,flat,0,0,False,False,SELL
702b00ba1f0a4e469a84cec14795ab9b,2026-04-14T20:36:55Z,0.3.0,NVDA,macd_pullback,v2,5m,HOLD,market_closed,196.49,,200000.0,False,flat,0,0,False,False,SELL
7e60865136c740eeb61dd7c4bb3e48dd,2026-04-14T20:37:56Z,0.3.0,AAPL,macd_pullback,v2,5m,HOLD,market_closed,258.71,,200000.0,False,flat,0,0,False,False,SELL
dfc4d7d188834a7382281e1b09f57ef8,2026-04-14T20:37:57Z,0.3.0,AMD,macd_pullback,v2,5m,HOLD,market_closed,255.09,,200000.0,False,flat,0,0,False,False,SELL
695211dbe07441cd82675350771e9e04,2026-04-14T20:37:58Z,0.3.0,AMZN,macd_pullback,v2,5m,HOLD,market_closed,248.8,,200000.0,False,flat,0,0,False,False,SELL
3e2e3cd899ea456687f534276f274cb1,2026-04-14T20:37:59Z,0.3.0,META,macd_pullback,v2,5m,HOLD,market_closed,662.38,,200000.0,False,flat,0,0,False,False,SELL
1543e502e1574e278e3fdfe85f853bb1,2026-04-14T20:38:00Z,0.3.0,MSFT,macd_pullback,v2,5m,HOLD,market_closed,392.3,,200000.0,False,flat,0,0,False,False,SELL
40d8e019851246b2b30fb1bd8efcbe4c,2026-04-14T20:38:01Z,0.3.0,NVDA,macd_pullback,v2,5m,HOLD,market_closed,196.49,,200000.0,False,flat,0,0,False,False,SELL
8a1c5d62fdcc4f489f15cb7ea21bff6c,2026-04-14T20:39:02Z,0.3.0,AAPL,macd_pullback,v2,5m,HOLD,market_closed,258.71,,200000.0,False,flat,0,0,False,False,SELL
ab6646b796994b778d4943ce4e09ed37,2026-04-14T20:39:03Z,0.3.0,AMD,macd_pullback,v2,5m,HOLD,market_closed,255.09,,200000.0,False,flat,0,0,False,False,SELL
45c457c7a42e45d78168d2b501478d69,2026-04-14T20:39:04Z,0.3.0,AMZN,macd_pullback,v2,5m,HOLD,market_closed,248.8,,200000.0,False,flat,0,0,False,False,SELL
19581db4decb45ad993731a119700cf7,2026-04-14T20:39:05Z,0.3.0,META,macd_pullback,v2,5m,HOLD,market_closed,662.38,,200000.0,False,flat,0,0,False,False,SELL
9fd5ed8bdd844e59b95061ec1c2c7106,2026-04-14T20:39:06Z,0.3.0,MSFT,macd_pullback,v2,5m,HOLD,market_closed,392.3,,200000.0,False,flat,0,0,False,False,SELL
9f77f7f9e2be4eaa96d17c64dd26d8ad,2026-04-14T20:39:07Z,0.3.0,NVDA,macd_pullback,v2,5m,HOLD,market_closed,196.49,,200000.0,False,flat,0,0,False,False,SELL
29626a937d2b4b8b8804d849c862b2b4,2026-04-14T20:40:08Z,0.3.0,AAPL,macd_pullback,v2,5m,HOLD,market_closed,258.71,,200000.0,False,flat,0,0,False,False,SELL
d9531d5993cd455fa7bd06ac0f74f1e9,2026-04-14T20:40:09Z,0.3.0,AMD,macd_pullback,v2,5m,HOLD,market_closed,255.09,,200000.0,False,flat,0,0,False,False,SELL
2d10f19aaf784e1da32eebdaac659b0c,2026-04-14T20:40:10Z,0.3.0,AMZN,macd_pullback,v2,5m,HOLD,market_closed,248.8,,200000.0,False,flat,0,0,False,False,SELL
c660a7d397124f21a9153ff76d781697,2026-04-14T20:40:12Z,0.3.0,META,macd_pullback,v2,5m,HOLD,market_closed,662.38,,200000.0,False,flat,0,0,False,False,SELL
4358688547e94c2aaad6b46a58ad9615,2026-04-14T20:40:13Z,0.3.0,MSFT,macd_pullback,v2,5m,HOLD,market_closed,392.3,,200000.0,False,flat,0,0,False,False,SELL
aaa294e8fa4242d78995d02b7e3ed711,2026-04-14T20:40:14Z,0.3.0,NVDA,macd_pullback,v2,5m,HOLD,market_closed,196.49,,200000.0,False,flat,0,0,False,False,SELL
23de510c7bf84cd4a041e4493a48feed,2026-04-14T20:41:15Z,0.3.0,AAPL,macd_pullback,v2,5m,HOLD,market_closed,258.71,,200000.0,False,flat,0,0,False,False,SELL
07f0a17bf2c14217a9a2e4011ce54d16,2026-04-14T20:41:16Z,0.3.0,AMD,macd_pullback,v2,5m,HOLD,market_closed,255.09,,200000.0,False,flat,0,0,False,False,SELL
4e69ae27e3bb4efd8a0047a1e0515edf,2026-04-14T20:41:17Z,0.3.0,AMZN,macd_pullback,v2,5m,HOLD,market_closed,248.8,,200000.0,False,flat,0,0,False,False,SELL
92cc82f419d948dbb25ac469602683a3,2026-04-14T20:41:18Z,0.3.0,META,macd_pullback,v2,5m,HOLD,market_closed,662.38,,200000.0,False,flat,0,0,False,False,SELL
476d6f3f92f24f8cb9dde50c1a59a198,2026-04-14T20:41:19Z,0.3.0,MSFT,macd_pullback,v2,5m,HOLD,market_closed,392.3,,200000.0,False,flat,0,0,False,False,SELL
86fe20407d51486f887044203e2c4203,2026-04-14T20:41:20Z,0.3.0,NVDA,macd_pullback,v2,5m,HOLD,market_closed,196.49,,200000.0,False,flat,0,0,False,False,SELL
45191d6a95d6428581a2bff97c20c6ee,2026-04-14T20:42:21Z,0.3.0,AAPL,macd_pullback,v2,5m,HOLD,market_closed,258.71,,200000.0,False,flat,0,0,False,False,SELL
f0e4f31c5f894790b3a6349d24a90324,2026-04-14T20:42:22Z,0.3.0,AMD,macd_pullback,v2,5m,HOLD,market_closed,255.09,,200000.0,False,flat,0,0,False,False,SELL
eccfa9c652a84f9d9f868d22053cd812,2026-04-14T20:42:23Z,0.3.0,AMZN,macd_pullback,v2,5m,HOLD,market_closed,248.8,,200000.0,False,flat,0,0,False,False,SELL
869a196e50c24543b84ba403cfd15e16,2026-04-14T20:42:24Z,0.3.0,META,macd_pullback,v2,5m,HOLD,market_closed,662.38,,200000.0,False,flat,0,0,False,False,SELL
ad1320747e1144e1b02908a17bec4856,2026-04-14T20:42:25Z,0.3.0,MSFT,macd_pullback,v2,5m,HOLD,market_closed,392.3,,200000.0,False,flat,0,0,False,False,SELL
bf66a0c5696148e88472ef92a1d4d2bc,2026-04-14T20:42:27Z,0.3.0,NVDA,macd_pullback,v2,5m,HOLD,market_closed,196.49,,200000.0,False,flat,0,0,False,False,SELL
5f15bfde7a174a64a8955616b803acbc,2026-04-14T20:43:28Z,0.3.0,AAPL,macd_pullback,v2,5m,HOLD,market_closed,258.71,,200000.0,False,flat,0,0,False,False,SELL
2c5b1973e7704fbf8bcbadeb1a58b7bf,2026-04-14T20:43:29Z,0.3.0,AMD,macd_pullback,v2,5m,HOLD,market_closed,255.09,,200000.0,False,flat,0,0,False,False,SELL
25d12fd85af142d2bf74bc6be9273feb,2026-04-14T20:43:30Z,0.3.0,AMZN,macd_pullback,v2,5m,HOLD,market_closed,248.8,,200000.0,False,flat,0,0,False,False,SELL
922603d7649540f0a56e7ddf5aec04e2,2026-04-14T20:43:31Z,0.3.0,META,macd_pullback,v2,5m,HOLD,market_closed,662.38,,200000.0,False,flat,0,0,False,False,SELL
e3120f6e3ce94e5cb4ed31cb46c572c0,2026-04-14T20:43:32Z,0.3.0,MSFT,macd_pullback,v2,5m,HOLD,market_closed,392.3,,200000.0,False,flat,0,0,False,False,SELL
3820b3c74f754744b77271e4ebacf025,2026-04-14T20:43:33Z,0.3.0,NVDA,macd_pullback,v2,5m,HOLD,market_closed,196.49,,200000.0,False,flat,0,0,False,False,SELL
74e7f8caf6f64331a3a3c1036dcbbc23,2026-04-14T20:44:34Z,0.3.0,AAPL,macd_pullback,v2,5m,HOLD,market_closed,258.71,,200000.0,False,flat,0,0,False,False,SELL
aac091dca7a94606885689af2a92b166,2026-04-14T20:44:35Z,0.3.0,AMD,macd_pullback,v2,5m,HOLD,market_closed,255.09,,200000.0,False,flat,0,0,False,False,SELL
328b5b19936845e68e78116e55c83b76,2026-04-14T20:44:36Z,0.3.0,AMZN,macd_pullback,v2,5m,HOLD,market_closed,248.8,,200000.0,False,flat,0,0,False,False,SELL
baaffbf361634e8795ce53134eeacd9e,2026-04-14T20:44:37Z,0.3.0,META,macd_pullback,v2,5m,HOLD,market_closed,662.38,,200000.0,False,flat,0,0,False,False,SELL
91a70f83b4f34f34ba44aaf9183dcaad,2026-04-14T20:44:38Z,0.3.0,MSFT,macd_pullback,v2,5m,HOLD,market_closed,392.3,,200000.0,False,flat,0,0,False,False,SELL
8ef58af6278b4f8aa86bc1599f2f3daf,2026-04-14T20:44:39Z,0.3.0,NVDA,macd_pullback,v2,5m,HOLD,market_closed,196.49,,200000.0,False,flat,0,0,False,False,SELL
598ca2f32d204ba3b088ed1d91af4a5c,2026-04-14T20:45:40Z,0.3.0,AAPL,macd_pullback,v2,5m,HOLD,market_closed,258.71,,200000.0,False,flat,0,0,False,False,SELL
cb77d104dc614911880f5bc290dd66b8,2026-04-14T20:45:41Z,0.3.0,AMD,macd_pullback,v2,5m,HOLD,market_closed,255.09,,200000.0,False,flat,0,0,False,False,SELL
82c91753d64e400b99d3aba57d48767b,2026-04-14T20:45:42Z,0.3.0,AMZN,macd_pullback,v2,5m,HOLD,market_closed,248.8,,200000.0,False,flat,0,0,False,False,SELL
a9a1a6860d3f45c1bb2ddeda77bc7c19,2026-04-14T20:45:43Z,0.3.0,META,macd_pullback,v2,5m,HOLD,market_closed,662.38,,200000.0,False,flat,0,0,False,False,SELL
2c44e41d58e74969baf9331ec190a410,2026-04-14T20:45:44Z,0.3.0,MSFT,macd_pullback,v2,5m,HOLD,market_closed,392.3,,200000.0,False,flat,0,0,False,False,SELL
a85bd99bed71403894efd6442c614351,2026-04-14T20:45:45Z,0.3.0,NVDA,macd_pullback,v2,5m,HOLD,market_closed,196.49,,200000.0,False,flat,0,0,False,False,SELL
4bd62f19b1a341f998e943ccc03984fb,2026-04-14T20:46:46Z,0.3.0,AAPL,macd_pullback,v2,5m,HOLD,market_closed,258.71,,200000.0,False,flat,0,0,False,False,SELL
4a54eeb744484d66a8c84c17d39c6705,2026-04-14T20:46:47Z,0.3.0,AMD,macd_pullback,v2,5m,HOLD,market_closed,255.09,,200000.0,False,flat,0,0,False,False,SELL
4601c0dac36344e685ad9933d1c5f72a,2026-04-14T20:46:48Z,0.3.0,AMZN,macd_pullback,v2,5m,HOLD,market_closed,248.8,,200000.0,False,flat,0,0,False,False,SELL
0de1e41635db4b26b5a23cca752813fc,2026-04-14T20:46:49Z,0.3.0,META,macd_pullback,v2,5m,HOLD,market_closed,662.38,,200000.0,False,flat,0,0,False,False,SELL
dbcd17a71e7647f598a71a9aea08f05a,2026-04-14T20:46:50Z,0.3.0,MSFT,macd_pullback,v2,5m,HOLD,market_closed,392.3,,200000.0,False,flat,0,0,False,False,SELL
eaeef12622894bd7878c371193d42421,2026-04-14T20:46:51Z,0.3.0,NVDA,macd_pullback,v2,5m,HOLD,market_closed,196.49,,200000.0,False,flat,0,0,False,False,SELL
0375c4873af740f5b21eace5cf07b19e,2026-04-14T20:47:52Z,0.3.0,AAPL,macd_pullback,v2,5m,HOLD,market_closed,258.71,,200000.0,False,flat,0,0,False,False,SELL
80dfa47412244e2da160ad44876a9889,2026-04-14T20:47:53Z,0.3.0,AMD,macd_pullback,v2,5m,HOLD,market_closed,255.09,,200000.0,False,flat,0,0,False,False,SELL
705c906a435a4d9eb369236f3f0c28c8,2026-04-14T20:47:54Z,0.3.0,AMZN,macd_pullback,v2,5m,HOLD,market_closed,248.8,,200000.0,False,flat,0,0,False,False,SELL
229cfa1d526743cd8217e570253626a3,2026-04-14T20:47:55Z,0.3.0,META,macd_pullback,v2,5m,HOLD,market_closed,662.38,,200000.0,False,flat,0,0,False,False,SELL
4283b29b8e6744b29faa93f3b2fa9c7b,2026-04-14T20:47:56Z,0.3.0,MSFT,macd_pullback,v2,5m,HOLD,market_closed,392.3,,200000.0,False,flat,0,0,False,False,SELL
1d9af25a2c93468eb6db71772add05ad,2026-04-14T20:47:57Z,0.3.0,NVDA,macd_pullback,v2,5m,HOLD,market_closed,196.49,,200000.0,False,flat,0,0,False,False,SELL
61bd3063279646c9b2072df8703432ee,2026-04-14T20:48:58Z,0.3.0,AAPL,macd_pullback,v2,5m,HOLD,market_closed,258.71,,200000.0,False,flat,0,0,False,False,SELL
422ac19566a14115a69c4c00b84ef2af,2026-04-14T20:48:59Z,0.3.0,AMD,macd_pullback,v2,5m,HOLD,market_closed,255.09,,200000.0,False,flat,0,0,False,False,SELL
26e3f895d17e45e4958243c9b238e80a,2026-04-14T20:49:00Z,0.3.0,AMZN,macd_pullback,v2,5m,HOLD,market_closed,248.8,,200000.0,False,flat,0,0,False,False,SELL
a44e0fbea0144b0792868f8926ddc8f7,2026-04-14T20:49:01Z,0.3.0,META,macd_pullback,v2,5m,HOLD,market_closed,662.38,,200000.0,False,flat,0,0,False,False,SELL
ceaca53b1d324c3ca822a5d518de40b3,2026-04-14T20:49:02Z,0.3.0,MSFT,macd_pullback,v2,5m,HOLD,market_closed,392.3,,200000.0,False,flat,0,0,False,False,SELL
0c78cb7d53b544a2a99674cb91ddd980,2026-04-14T20:49:03Z,0.3.0,NVDA,macd_pullback,v2,5m,HOLD,market_closed,196.49,,200000.0,False,flat,0,0,False,False,SELL
a0fb3dbd550148f1863ebc46db20f44a,2026-04-14T20:50:04Z,0.3.0,AAPL,macd_pullback,v2,5m,HOLD,market_closed,258.71,,200000.0,False,flat,0,0,False,False,SELL
ecef6b8ba5c043bba46c05aa38d371d8,2026-04-14T20:50:05Z,0.3.0,AMD,macd_pullback,v2,5m,HOLD,market_closed,255.09,,200000.0,False,flat,0,0,False,False,SELL
7d386bcbff87422baffcf111910d23d5,2026-04-14T20:50:06Z,0.3.0,AMZN,macd_pullback,v2,5m,HOLD,market_closed,248.8,,200000.0,False,flat,0,0,False,False,SELL
981e10fd47c14763ad517210ad9b16bc,2026-04-14T20:50:07Z,0.3.0,META,macd_pullback,v2,5m,HOLD,market_closed,662.38,,200000.0,False,flat,0,0,False,False,SELL
7094dd2a75c64a4c836428e5062f6c62,2026-04-14T20:50:08Z,0.3.0,MSFT,macd_pullback,v2,5m,HOLD,market_closed,392.3,,200000.0,False,flat,0,0,False,False,SELL
3008b3552ea54911abe6c6c335bcbb87,2026-04-14T20:50:09Z,0.3.0,NVDA,macd_pullback,v2,5m,HOLD,market_closed,196.49,,200000.0,False,flat,0,0,False,False,SELL
df5b914c8d93467488ac2db88c83d9c8,2026-04-14T20:51:10Z,0.3.0,AAPL,macd_pullback,v2,5m,HOLD,market_closed,258.71,,200000.0,False,flat,0,0,False,False,SELL
a4b4b3d6742246c9a912a0f04b8576dd,2026-04-14T20:51:11Z,0.3.0,AMD,macd_pullback,v2,5m,HOLD,market_closed,255.09,,200000.0,False,flat,0,0,False,False,SELL
e720f9119f8741b3a0def3a7abb78bfb,2026-04-14T20:51:12Z,0.3.0,AMZN,macd_pullback,v2,5m,HOLD,market_closed,248.8,,200000.0,False,flat,0,0,False,False,SELL
f3ffef2ff7514440ac3353c37254fbfd,2026-04-14T20:51:13Z,0.3.0,META,macd_pullback,v2,5m,HOLD,market_closed,662.38,,200000.0,False,flat,0,0,False,False,SELL
f1f2bea60f55435ca5b64789ab05ac2a,2026-04-14T20:51:14Z,0.3.0,MSFT,macd_pullback,v2,5m,HOLD,market_closed,392.3,,200000.0,False,flat,0,0,False,False,SELL
2efac7fd4b9a4bbf9cf8a080f6ba5c89,2026-04-14T20:51:15Z,0.3.0,NVDA,macd_pullback,v2,5m,HOLD,market_closed,196.49,,200000.0,False,flat,0,0,False,False,SELL
aa2cc4d62079403ea7a00464142698b8,2026-04-14T20:52:16Z,0.3.0,AAPL,macd_pullback,v2,5m,HOLD,market_closed,258.71,,200000.0,False,flat,0,0,False,False,SELL
786ecc355295481aa2afd9135402d5ee,2026-04-14T20:52:17Z,0.3.0,AMD,macd_pullback,v2,5m,HOLD,market_closed,255.09,,200000.0,False,flat,0,0,False,False,SELL
86b7ee7210e04367aa5b704acaebab4f,2026-04-14T20:52:18Z,0.3.0,AMZN,macd_pullback,v2,5m,HOLD,market_closed,248.8,,200000.0,False,flat,0,0,False,False,SELL
1a8b3da754fd4c6dacab36ca53088906,2026-04-14T20:52:19Z,0.3.0,META,macd_pullback,v2,5m,HOLD,market_closed,662.38,,200000.0,False,flat,0,0,False,False,SELL
4ecb782ac63a4993a0989b6f5d692663,2026-04-14T20:52:20Z,0.3.0,MSFT,macd_pullback,v2,5m,HOLD,market_closed,392.3,,200000.0,False,flat,0,0,False,False,SELL
6d54339c4a6b4e37ae284de9005a4b69,2026-04-14T20:52:21Z,0.3.0,NVDA,macd_pullback,v2,5m,HOLD,market_closed,196.49,,200000.0,False,flat,0,0,False,False,SELL
4a9827935b624b1fabbf0b2a12d1ff37,2026-04-14T20:53:22Z,0.3.0,AAPL,macd_pullback,v2,5m,HOLD,market_closed,258.71,,200000.0,False,flat,0,0,False,False,SELL
6f1dd72c0799456a959cd4d9500d3950,2026-04-14T20:53:23Z,0.3.0,AMD,macd_pullback,v2,5m,HOLD,market_closed,255.09,,200000.0,False,flat,0,0,False,False,SELL
562bb0635e53426f8bc62b4f80e82925,2026-04-14T20:53:24Z,0.3.0,AMZN,macd_pullback,v2,5m,HOLD,market_closed,248.8,,200000.0,False,flat,0,0,False,False,SELL
173254eb660e4005af5b01f17042a347,2026-04-14T20:53:25Z,0.3.0,META,macd_pullback,v2,5m,HOLD,market_closed,662.38,,200000.0,False,flat,0,0,False,False,SELL
72226dc2627842b8862955dcda5fa5f3,2026-04-14T20:53:26Z,0.3.0,MSFT,macd_pullback,v2,5m,HOLD,market_closed,392.3,,200000.0,False,flat,0,0,False,False,SELL
148f1746b042431f99f23ba47fc25b08,2026-04-14T20:53:28Z,0.3.0,NVDA,macd_pullback,v2,5m,HOLD,market_closed,196.49,,200000.0,False,flat,0,0,False,False,SELL
53faae0cc6284503a38249e43317719f,2026-04-14T20:54:29Z,0.3.0,AAPL,macd_pullback,v2,5m,HOLD,market_closed,258.71,,200000.0,False,flat,0,0,False,False,SELL
58fe9b1d61b3413a9433c86a2b41164c,2026-04-14T20:54:30Z,0.3.0,AMD,macd_pullback,v2,5m,HOLD,market_closed,255.09,,200000.0,False,flat,0,0,False,False,SELL
0d873866efa2473f8834dff47d4860e3,2026-04-14T20:54:31Z,0.3.0,AMZN,macd_pullback,v2,5m,HOLD,market_closed,248.8,,200000.0,False,flat,0,0,False,False,SELL
542e37756a4f48bb91e39bcdadf07cc0,2026-04-14T20:54:32Z,0.3.0,META,macd_pullback,v2,5m,HOLD,market_closed,662.38,,200000.0,False,flat,0,0,False,False,SELL
51ad39e4b4474945ba877f9318dd3c42,2026-04-14T20:54:33Z,0.3.0,MSFT,macd_pullback,v2,5m,HOLD,market_closed,392.3,,200000.0,False,flat,0,0,False,False,SELL
bd040e4e23a04b12b5b4486f7ecdbfd0,2026-04-14T20:54:34Z,0.3.0,NVDA,macd_pullback,v2,5m,HOLD,market_closed,196.49,,200000.0,False,flat,0,0,False,False,SELL
